condition,eps,sample_id,iterations,execution_time,filename
uncongested,0.005,315,174,7.069132089614868,data/sioux/uncongested/sample_0315.pkl
uncongested,0.005,659,103,9.548385620117188,data/sioux/uncongested/sample_0659.pkl
uncongested,0.005,527,51,11.277117490768433,data/sioux/uncongested/sample_0527.pkl
uncongested,0.005,845,85,13.804802417755127,data/sioux/uncongested/sample_0845.pkl
uncongested,0.005,605,173,18.072620391845703,data/sioux/uncongested/sample_0605.pkl
uncongested,0.005,9,99,20.741594791412354,data/sioux/uncongested/sample_0009.pkl
uncongested,0.005,644,162,25.22164297103882,data/sioux/uncongested/sample_0644.pkl
uncongested,0.005,811,78,27.245328187942505,data/sioux/uncongested/sample_0811.pkl
uncongested,0.005,638,134,30.543917417526245,data/sioux/uncongested/sample_0638.pkl
uncongested,0.005,678,30,31.484858512878418,data/sioux/uncongested/sample_0678.pkl
uncongested,0.005,90,88,34.178826093673706,data/sioux/uncongested/sample_0090.pkl
uncongested,0.005,65,19,34.84046769142151,data/sioux/uncongested/sample_0065.pkl
uncongested,0.005,902,102,37.63180136680603,data/sioux/uncongested/sample_0902.pkl
uncongested,0.005,549,151,41.20126938819885,data/sioux/uncongested/sample_0549.pkl
uncongested,0.005,723,115,43.9213342666626,data/sioux/uncongested/sample_0723.pkl
uncongested,0.005,420,151,48.04571509361267,data/sioux/uncongested/sample_0420.pkl
uncongested,0.005,268,112,51.03231716156006,data/sioux/uncongested/sample_0268.pkl
uncongested,0.005,112,129,54.17164492607117,data/sioux/uncongested/sample_0112.pkl
uncongested,0.005,815,53,55.5269570350647,data/sioux/uncongested/sample_0815.pkl
uncongested,0.005,358,112,58.209930419921875,data/sioux/uncongested/sample_0358.pkl
uncongested,0.005,292,188,62.770357608795166,data/sioux/uncongested/sample_0292.pkl
uncongested,0.005,966,145,66.21934747695923,data/sioux/uncongested/sample_0966.pkl
uncongested,0.005,318,161,69.96768712997437,data/sioux/uncongested/sample_0318.pkl
uncongested,0.005,998,127,72.97646045684814,data/sioux/uncongested/sample_0998.pkl
uncongested,0.005,946,180,77.16621136665344,data/sioux/uncongested/sample_0946.pkl
uncongested,0.005,295,88,79.31161093711853,data/sioux/uncongested/sample_0295.pkl
uncongested,0.005,403,141,82.61266040802002,data/sioux/uncongested/sample_0403.pkl
uncongested,0.005,363,15,83.11093664169312,data/sioux/uncongested/sample_0363.pkl
uncongested,0.005,255,149,86.57554411888123,data/sioux/uncongested/sample_0255.pkl
uncongested,0.005,25,196,91.09595108032227,data/sioux/uncongested/sample_0025.pkl
uncongested,0.005,943,179,95.25245118141174,data/sioux/uncongested/sample_0943.pkl
uncongested,0.005,74,133,98.39383864402771,data/sioux/uncongested/sample_0074.pkl
uncongested,0.005,514,51,99.67668271064758,data/sioux/uncongested/sample_0514.pkl
uncongested,0.005,595,160,103.42895913124084,data/sioux/uncongested/sample_0595.pkl
uncongested,0.005,392,40,104.46473860740662,data/sioux/uncongested/sample_0392.pkl
uncongested,0.005,130,150,107.96647691726685,data/sioux/uncongested/sample_0130.pkl
uncongested,0.005,962,155,111.54450368881226,data/sioux/uncongested/sample_0962.pkl
uncongested,0.005,535,131,114.66623115539551,data/sioux/uncongested/sample_0535.pkl
uncongested,0.005,376,162,118.43594193458557,data/sioux/uncongested/sample_0376.pkl
uncongested,0.005,713,190,122.8347442150116,data/sioux/uncongested/sample_0713.pkl
uncongested,0.005,863,211,127.69114446640015,data/sioux/uncongested/sample_0863.pkl
uncongested,0.005,298,161,131.43799376487732,data/sioux/uncongested/sample_0298.pkl
uncongested,0.005,870,66,133.08015632629395,data/sioux/uncongested/sample_0870.pkl
uncongested,0.005,103,102,135.50238871574402,data/sioux/uncongested/sample_0103.pkl
uncongested,0.005,764,23,136.200261592865,data/sioux/uncongested/sample_0764.pkl
uncongested,0.005,300,130,139.2504699230194,data/sioux/uncongested/sample_0300.pkl
uncongested,0.005,963,62,140.79689025878906,data/sioux/uncongested/sample_0963.pkl
uncongested,0.005,281,155,144.44245290756226,data/sioux/uncongested/sample_0281.pkl
uncongested,0.005,701,173,148.44391417503357,data/sioux/uncongested/sample_0701.pkl
uncongested,0.005,625,139,151.7062017917633,data/sioux/uncongested/sample_0625.pkl
uncongested,0.005,828,176,155.77508759498596,data/sioux/uncongested/sample_0828.pkl
uncongested,0.005,937,221,160.89853262901306,data/sioux/uncongested/sample_0937.pkl
uncongested,0.005,466,168,164.79796290397644,data/sioux/uncongested/sample_0466.pkl
uncongested,0.005,97,191,169.25750422477722,data/sioux/uncongested/sample_0097.pkl
uncongested,0.005,446,171,173.23655581474304,data/sioux/uncongested/sample_0446.pkl
uncongested,0.005,561,163,177.00749945640564,data/sioux/uncongested/sample_0561.pkl
uncongested,0.005,503,49,178.23430347442627,data/sioux/uncongested/sample_0503.pkl
uncongested,0.005,933,205,182.95553159713745,data/sioux/uncongested/sample_0933.pkl
uncongested,0.005,106,193,187.38659405708313,data/sioux/uncongested/sample_0106.pkl
uncongested,0.005,271,205,192.10966444015503,data/sioux/uncongested/sample_0271.pkl
uncongested,0.005,290,101,194.5613522529602,data/sioux/uncongested/sample_0290.pkl
uncongested,0.005,786,76,196.42820572853088,data/sioux/uncongested/sample_0786.pkl
uncongested,0.005,51,174,200.49085068702698,data/sioux/uncongested/sample_0051.pkl
uncongested,0.005,207,90,202.69918513298035,data/sioux/uncongested/sample_0207.pkl
uncongested,0.005,895,193,207.15701413154602,data/sioux/uncongested/sample_0895.pkl
uncongested,0.005,674,55,208.65493941307068,data/sioux/uncongested/sample_0674.pkl
uncongested,0.005,577,167,212.52773571014404,data/sioux/uncongested/sample_0577.pkl
uncongested,0.005,799,119,215.35064220428467,data/sioux/uncongested/sample_0799.pkl
uncongested,0.005,53,198,219.95482683181763,data/sioux/uncongested/sample_0053.pkl
uncongested,0.005,855,201,224.59614968299866,data/sioux/uncongested/sample_0855.pkl
uncongested,0.005,85,143,227.95943546295166,data/sioux/uncongested/sample_0085.pkl
uncongested,0.005,761,98,230.3682849407196,data/sioux/uncongested/sample_0761.pkl
uncongested,0.005,452,214,235.31074810028076,data/sioux/uncongested/sample_0452.pkl
uncongested,0.005,280,203,240.0151481628418,data/sioux/uncongested/sample_0280.pkl
uncongested,0.005,210,26,240.75690174102783,data/sioux/uncongested/sample_0210.pkl
uncongested,0.005,843,153,244.33997249603271,data/sioux/uncongested/sample_0843.pkl
uncongested,0.005,903,161,248.08718991279602,data/sioux/uncongested/sample_0903.pkl
uncongested,0.005,600,143,251.43460416793823,data/sioux/uncongested/sample_0600.pkl
uncongested,0.005,127,107,253.97361946105957,data/sioux/uncongested/sample_0127.pkl
uncongested,0.005,35,129,257.00654768943787,data/sioux/uncongested/sample_0035.pkl
uncongested,0.005,522,205,261.729998588562,data/sioux/uncongested/sample_0522.pkl
uncongested,0.005,873,130,264.81437516212463,data/sioux/uncongested/sample_0873.pkl
uncongested,0.005,206,106,267.36915016174316,data/sioux/uncongested/sample_0206.pkl
uncongested,0.005,387,131,270.52969574928284,data/sioux/uncongested/sample_0387.pkl
uncongested,0.005,125,173,274.57212924957275,data/sioux/uncongested/sample_0125.pkl
uncongested,0.005,44,162,278.4634461402893,data/sioux/uncongested/sample_0044.pkl
uncongested,0.005,168,74,280.28416633605957,data/sioux/uncongested/sample_0168.pkl
uncongested,0.005,214,120,283.23381638526917,data/sioux/uncongested/sample_0214.pkl
uncongested,0.005,972,200,288.00054955482483,data/sioux/uncongested/sample_0972.pkl
uncongested,0.005,45,151,291.62322998046875,data/sioux/uncongested/sample_0045.pkl
uncongested,0.005,429,43,292.8257830142975,data/sioux/uncongested/sample_0429.pkl
uncongested,0.005,616,46,294.11409068107605,data/sioux/uncongested/sample_0616.pkl
uncongested,0.005,491,224,299.42171931266785,data/sioux/uncongested/sample_0491.pkl
uncongested,0.005,525,151,303.0289947986603,data/sioux/uncongested/sample_0525.pkl
uncongested,0.005,919,144,306.5297818183899,data/sioux/uncongested/sample_0919.pkl
uncongested,0.005,546,93,308.8776252269745,data/sioux/uncongested/sample_0546.pkl
uncongested,0.005,562,230,314.296434879303,data/sioux/uncongested/sample_0562.pkl
uncongested,0.005,100,141,317.6629388332367,data/sioux/uncongested/sample_0100.pkl
uncongested,0.005,131,190,322.15181732177734,data/sioux/uncongested/sample_0131.pkl
uncongested,0.005,465,207,326.9775552749634,data/sioux/uncongested/sample_0465.pkl
uncongested,0.005,33,249,332.69362592697144,data/sioux/uncongested/sample_0033.pkl
uncongested,0.005,788,200,337.37367844581604,data/sioux/uncongested/sample_0788.pkl
uncongested,0.005,405,193,341.8878662586212,data/sioux/uncongested/sample_0405.pkl
uncongested,0.005,899,104,344.4113812446594,data/sioux/uncongested/sample_0899.pkl
uncongested,0.005,360,150,347.9708752632141,data/sioux/uncongested/sample_0360.pkl
uncongested,0.005,28,130,351.1337535381317,data/sioux/uncongested/sample_0028.pkl
uncongested,0.005,716,151,354.74953031539917,data/sioux/uncongested/sample_0716.pkl
uncongested,0.005,776,136,358.03699231147766,data/sioux/uncongested/sample_0776.pkl
uncongested,0.005,27,51,359.38348865509033,data/sioux/uncongested/sample_0027.pkl
uncongested,0.005,780,224,364.7090907096863,data/sioux/uncongested/sample_0780.pkl
uncongested,0.005,412,217,369.79626512527466,data/sioux/uncongested/sample_0412.pkl
uncongested,0.005,588,174,373.9167203903198,data/sioux/uncongested/sample_0588.pkl
uncongested,0.005,621,104,376.46124839782715,data/sioux/uncongested/sample_0621.pkl
uncongested,0.005,108,214,381.54315185546875,data/sioux/uncongested/sample_0108.pkl
uncongested,0.005,135,170,385.56702995300293,data/sioux/uncongested/sample_0135.pkl
uncongested,0.005,236,159,389.3190929889679,data/sioux/uncongested/sample_0236.pkl
uncongested,0.005,683,51,390.6217656135559,data/sioux/uncongested/sample_0683.pkl
uncongested,0.005,499,177,394.7888436317444,data/sioux/uncongested/sample_0499.pkl
uncongested,0.005,661,172,398.89606380462646,data/sioux/uncongested/sample_0661.pkl
uncongested,0.005,211,183,403.22726702690125,data/sioux/uncongested/sample_0211.pkl
uncongested,0.005,256,203,408.035160779953,data/sioux/uncongested/sample_0256.pkl
uncongested,0.005,617,210,412.9434235095978,data/sioux/uncongested/sample_0617.pkl
uncongested,0.005,461,106,415.56531834602356,data/sioux/uncongested/sample_0461.pkl
uncongested,0.005,194,128,418.6081349849701,data/sioux/uncongested/sample_0194.pkl
uncongested,0.005,158,76,420.46164655685425,data/sioux/uncongested/sample_0158.pkl
uncongested,0.005,566,38,421.4922442436218,data/sioux/uncongested/sample_0566.pkl
uncongested,0.005,718,131,424.61593794822693,data/sioux/uncongested/sample_0718.pkl
uncongested,0.005,555,20,425.3000681400299,data/sioux/uncongested/sample_0555.pkl
uncongested,0.005,189,134,428.44877433776855,data/sioux/uncongested/sample_0189.pkl
uncongested,0.005,371,135,431.6523742675781,data/sioux/uncongested/sample_0371.pkl
uncongested,0.005,640,140,435.01533555984497,data/sioux/uncongested/sample_0640.pkl
uncongested,0.005,910,82,437.0086920261383,data/sioux/uncongested/sample_0910.pkl
uncongested,0.005,737,184,441.3469033241272,data/sioux/uncongested/sample_0737.pkl
uncongested,0.005,258,27,442.1290600299835,data/sioux/uncongested/sample_0258.pkl
uncongested,0.005,859,103,444.62211203575134,data/sioux/uncongested/sample_0859.pkl
uncongested,0.005,554,197,449.2722997665405,data/sioux/uncongested/sample_0554.pkl
uncongested,0.005,681,106,451.7932300567627,data/sioux/uncongested/sample_0681.pkl
uncongested,0.005,925,192,456.24102425575256,data/sioux/uncongested/sample_0925.pkl
uncongested,0.005,675,151,459.84013867378235,data/sioux/uncongested/sample_0675.pkl
uncongested,0.005,500,85,461.89973545074463,data/sioux/uncongested/sample_0500.pkl
uncongested,0.005,99,150,465.4760320186615,data/sioux/uncongested/sample_0099.pkl
uncongested,0.005,652,198,470.0918142795563,data/sioux/uncongested/sample_0652.pkl
uncongested,0.005,830,256,476.0110111236572,data/sioux/uncongested/sample_0830.pkl
uncongested,0.005,932,157,479.7412054538727,data/sioux/uncongested/sample_0932.pkl
uncongested,0.005,118,122,482.70578718185425,data/sioux/uncongested/sample_0118.pkl
uncongested,0.005,120,183,487.03167366981506,data/sioux/uncongested/sample_0120.pkl
uncongested,0.005,137,36,487.9861614704132,data/sioux/uncongested/sample_0137.pkl
uncongested,0.005,82,161,491.78743386268616,data/sioux/uncongested/sample_0082.pkl
uncongested,0.005,627,88,493.9735805988312,data/sioux/uncongested/sample_0627.pkl
uncongested,0.005,63,125,496.9670035839081,data/sioux/uncongested/sample_0063.pkl
uncongested,0.005,163,79,498.95446276664734,data/sioux/uncongested/sample_0163.pkl
uncongested,0.005,151,54,500.3372039794922,data/sioux/uncongested/sample_0151.pkl
uncongested,0.005,647,63,501.9902150630951,data/sioux/uncongested/sample_0647.pkl
uncongested,0.005,483,112,504.7141742706299,data/sioux/uncongested/sample_0483.pkl
uncongested,0.005,648,92,506.9832019805908,data/sioux/uncongested/sample_0648.pkl
uncongested,0.005,296,90,509.144357919693,data/sioux/uncongested/sample_0296.pkl
uncongested,0.005,706,225,514.4470543861389,data/sioux/uncongested/sample_0706.pkl
uncongested,0.005,569,55,515.8560197353363,data/sioux/uncongested/sample_0569.pkl
uncongested,0.005,897,231,521.3179371356964,data/sioux/uncongested/sample_0897.pkl
uncongested,0.005,529,166,525.2352931499481,data/sioux/uncongested/sample_0529.pkl
uncongested,0.005,373,152,528.8550996780396,data/sioux/uncongested/sample_0373.pkl
uncongested,0.005,399,113,531.6320321559906,data/sioux/uncongested/sample_0399.pkl
uncongested,0.005,715,65,533.3455340862274,data/sioux/uncongested/sample_0715.pkl
uncongested,0.005,888,231,538.8445098400116,data/sioux/uncongested/sample_0888.pkl
uncongested,0.005,862,199,543.5659673213959,data/sioux/uncongested/sample_0862.pkl
uncongested,0.005,571,221,548.9006690979004,data/sioux/uncongested/sample_0571.pkl
uncongested,0.005,24,183,553.2106773853302,data/sioux/uncongested/sample_0024.pkl
uncongested,0.005,504,51,554.6103763580322,data/sioux/uncongested/sample_0504.pkl
uncongested,0.005,115,115,557.4300289154053,data/sioux/uncongested/sample_0115.pkl
uncongested,0.005,532,143,560.8607833385468,data/sioux/uncongested/sample_0532.pkl
uncongested,0.005,979,99,563.309779882431,data/sioux/uncongested/sample_0979.pkl
uncongested,0.005,934,164,567.2588124275208,data/sioux/uncongested/sample_0934.pkl
uncongested,0.005,325,208,572.2588939666748,data/sioux/uncongested/sample_0325.pkl
uncongested,0.005,639,178,576.6315569877625,data/sioux/uncongested/sample_0639.pkl
uncongested,0.005,949,125,579.6009933948517,data/sioux/uncongested/sample_0949.pkl
uncongested,0.005,534,122,582.5187895298004,data/sioux/uncongested/sample_0534.pkl
uncongested,0.005,857,20,583.1852116584778,data/sioux/uncongested/sample_0857.pkl
uncongested,0.005,64,149,586.7397928237915,data/sioux/uncongested/sample_0064.pkl
uncongested,0.005,7,198,591.3959269523621,data/sioux/uncongested/sample_0007.pkl
uncongested,0.005,2,215,596.3523690700531,data/sioux/uncongested/sample_0002.pkl
uncongested,0.005,42,59,597.8544898033142,data/sioux/uncongested/sample_0042.pkl
uncongested,0.005,195,136,601.051283121109,data/sioux/uncongested/sample_0195.pkl
uncongested,0.005,560,108,603.7248322963715,data/sioux/uncongested/sample_0560.pkl
uncongested,0.005,413,209,608.7317078113556,data/sioux/uncongested/sample_0413.pkl
uncongested,0.005,533,147,612.3217494487762,data/sioux/uncongested/sample_0533.pkl
uncongested,0.005,690,164,616.2342476844788,data/sioux/uncongested/sample_0690.pkl
uncongested,0.005,524,144,619.7293345928192,data/sioux/uncongested/sample_0524.pkl
uncongested,0.005,954,166,623.7095811367035,data/sioux/uncongested/sample_0954.pkl
uncongested,0.005,396,194,628.3196935653687,data/sioux/uncongested/sample_0396.pkl
uncongested,0.005,411,135,631.5509147644043,data/sioux/uncongested/sample_0411.pkl
uncongested,0.005,355,77,633.4782192707062,data/sioux/uncongested/sample_0355.pkl
uncongested,0.005,238,180,637.7581045627594,data/sioux/uncongested/sample_0238.pkl
uncongested,0.005,740,174,641.8591105937958,data/sioux/uncongested/sample_0740.pkl
uncongested,0.005,874,189,646.2716746330261,data/sioux/uncongested/sample_0874.pkl
uncongested,0.005,101,94,648.5846030712128,data/sioux/uncongested/sample_0101.pkl
uncongested,0.005,984,232,654.0650789737701,data/sioux/uncongested/sample_0984.pkl
uncongested,0.005,893,182,658.3581683635712,data/sioux/uncongested/sample_0893.pkl
uncongested,0.005,574,184,662.6199851036072,data/sioux/uncongested/sample_0574.pkl
uncongested,0.005,720,187,667.0438437461853,data/sioux/uncongested/sample_0720.pkl
uncongested,0.005,142,86,669.165798664093,data/sioux/uncongested/sample_0142.pkl
uncongested,0.005,633,70,670.9342522621155,data/sioux/uncongested/sample_0633.pkl
uncongested,0.005,301,186,675.4150688648224,data/sioux/uncongested/sample_0301.pkl
uncongested,0.005,284,177,679.6147408485413,data/sioux/uncongested/sample_0284.pkl
uncongested,0.005,767,190,684.1573872566223,data/sioux/uncongested/sample_0767.pkl
uncongested,0.005,122,119,687.0621335506439,data/sioux/uncongested/sample_0122.pkl
uncongested,0.005,138,21,687.7840549945831,data/sioux/uncongested/sample_0138.pkl
uncongested,0.005,791,126,690.8338916301727,data/sioux/uncongested/sample_0791.pkl
uncongested,0.005,8,51,692.2019996643066,data/sioux/uncongested/sample_0008.pkl
uncongested,0.005,169,199,696.8451464176178,data/sioux/uncongested/sample_0169.pkl
uncongested,0.005,145,49,698.1065647602081,data/sioux/uncongested/sample_0145.pkl
uncongested,0.005,341,167,702.080775976181,data/sioux/uncongested/sample_0341.pkl
uncongested,0.005,513,188,706.5568821430206,data/sioux/uncongested/sample_0513.pkl
uncongested,0.005,279,124,709.549250125885,data/sioux/uncongested/sample_0279.pkl
uncongested,0.005,812,185,713.8678505420685,data/sioux/uncongested/sample_0812.pkl
uncongested,0.005,229,167,717.8909301757812,data/sioux/uncongested/sample_0229.pkl
uncongested,0.005,603,158,721.7413258552551,data/sioux/uncongested/sample_0603.pkl
uncongested,0.005,228,104,724.2693502902985,data/sioux/uncongested/sample_0228.pkl
uncongested,0.005,526,204,729.0980739593506,data/sioux/uncongested/sample_0526.pkl
uncongested,0.005,865,145,732.508623123169,data/sioux/uncongested/sample_0865.pkl
uncongested,0.005,700,48,733.8165571689606,data/sioux/uncongested/sample_0700.pkl
uncongested,0.005,687,252,739.8391284942627,data/sioux/uncongested/sample_0687.pkl
uncongested,0.005,388,142,743.246842622757,data/sioux/uncongested/sample_0388.pkl
uncongested,0.005,891,144,746.6863675117493,data/sioux/uncongested/sample_0891.pkl
uncongested,0.005,736,152,750.2797391414642,data/sioux/uncongested/sample_0736.pkl
uncongested,0.005,409,112,753.0327777862549,data/sioux/uncongested/sample_0409.pkl
uncongested,0.005,132,57,754.4862220287323,data/sioux/uncongested/sample_0132.pkl
uncongested,0.005,651,63,756.0701570510864,data/sioux/uncongested/sample_0651.pkl
uncongested,0.005,155,139,759.3527641296387,data/sioux/uncongested/sample_0155.pkl
uncongested,0.005,688,209,764.226514339447,data/sioux/uncongested/sample_0688.pkl
uncongested,0.005,13,25,764.9628517627716,data/sioux/uncongested/sample_0013.pkl
uncongested,0.005,198,53,766.3225741386414,data/sioux/uncongested/sample_0198.pkl
uncongested,0.005,221,351,774.4574444293976,data/sioux/uncongested/sample_0221.pkl
uncongested,0.005,249,206,779.3571648597717,data/sioux/uncongested/sample_0249.pkl
uncongested,0.005,982,152,782.9805402755737,data/sioux/uncongested/sample_0982.pkl
uncongested,0.005,294,97,785.3131377696991,data/sioux/uncongested/sample_0294.pkl
uncongested,0.005,628,208,790.2085652351379,data/sioux/uncongested/sample_0628.pkl
uncongested,0.005,844,139,793.524888753891,data/sioux/uncongested/sample_0844.pkl
uncongested,0.005,959,85,795.652348279953,data/sioux/uncongested/sample_0959.pkl
uncongested,0.005,849,177,799.85706615448,data/sioux/uncongested/sample_0849.pkl
uncongested,0.005,770,162,803.6802201271057,data/sioux/uncongested/sample_0770.pkl
uncongested,0.005,941,221,808.7781572341919,data/sioux/uncongested/sample_0941.pkl
uncongested,0.005,353,207,813.6807250976562,data/sioux/uncongested/sample_0353.pkl
uncongested,0.005,821,94,815.9783425331116,data/sioux/uncongested/sample_0821.pkl
uncongested,0.005,20,255,821.8838949203491,data/sioux/uncongested/sample_0020.pkl
uncongested,0.005,755,122,824.7870080471039,data/sioux/uncongested/sample_0755.pkl
uncongested,0.005,312,55,826.1924669742584,data/sioux/uncongested/sample_0312.pkl
uncongested,0.005,170,147,829.6982891559601,data/sioux/uncongested/sample_0170.pkl
uncongested,0.005,185,137,833.0027165412903,data/sioux/uncongested/sample_0185.pkl
uncongested,0.005,655,149,836.5492899417877,data/sioux/uncongested/sample_0655.pkl
uncongested,0.005,372,241,842.1991376876831,data/sioux/uncongested/sample_0372.pkl
uncongested,0.005,802,231,847.5494537353516,data/sioux/uncongested/sample_0802.pkl
uncongested,0.005,417,165,851.4584443569183,data/sioux/uncongested/sample_0417.pkl
uncongested,0.005,745,233,856.8800778388977,data/sioux/uncongested/sample_0745.pkl
uncongested,0.005,349,144,860.3100547790527,data/sioux/uncongested/sample_0349.pkl
uncongested,0.005,335,226,865.5942301750183,data/sioux/uncongested/sample_0335.pkl
uncongested,0.005,485,185,869.9279155731201,data/sioux/uncongested/sample_0485.pkl
uncongested,0.005,641,134,873.1154916286469,data/sioux/uncongested/sample_0641.pkl
uncongested,0.005,460,244,878.8236536979675,data/sioux/uncongested/sample_0460.pkl
uncongested,0.005,523,180,883.0289709568024,data/sioux/uncongested/sample_0523.pkl
uncongested,0.005,601,202,887.7232308387756,data/sioux/uncongested/sample_0601.pkl
uncongested,0.005,31,117,890.484766960144,data/sioux/uncongested/sample_0031.pkl
uncongested,0.005,139,322,897.9050958156586,data/sioux/uncongested/sample_0139.pkl
uncongested,0.005,801,166,901.8154816627502,data/sioux/uncongested/sample_0801.pkl
uncongested,0.005,464,150,905.3387286663055,data/sioux/uncongested/sample_0464.pkl
uncongested,0.005,646,62,906.970395565033,data/sioux/uncongested/sample_0646.pkl
uncongested,0.005,765,233,912.4462614059448,data/sioux/uncongested/sample_0765.pkl
uncongested,0.005,901,153,916.0327653884888,data/sioux/uncongested/sample_0901.pkl
uncongested,0.005,559,221,921.1506662368774,data/sioux/uncongested/sample_0559.pkl
uncongested,0.005,510,154,924.7789092063904,data/sioux/uncongested/sample_0510.pkl
uncongested,0.005,824,176,928.9448544979095,data/sioux/uncongested/sample_0824.pkl
uncongested,0.005,952,195,933.5717375278473,data/sioux/uncongested/sample_0952.pkl
uncongested,0.005,310,88,935.7476058006287,data/sioux/uncongested/sample_0310.pkl
uncongested,0.005,496,127,938.7865054607391,data/sioux/uncongested/sample_0496.pkl
uncongested,0.005,629,17,939.349333524704,data/sioux/uncongested/sample_0629.pkl
uncongested,0.005,657,145,942.7514009475708,data/sioux/uncongested/sample_0657.pkl
uncongested,0.005,96,128,945.7976515293121,data/sioux/uncongested/sample_0096.pkl
uncongested,0.005,918,48,947.03160572052,data/sioux/uncongested/sample_0918.pkl
uncongested,0.005,777,99,949.4549040794373,data/sioux/uncongested/sample_0777.pkl
uncongested,0.005,340,164,953.330931186676,data/sioux/uncongested/sample_0340.pkl
uncongested,0.005,804,83,955.4158725738525,data/sioux/uncongested/sample_0804.pkl
uncongested,0.005,581,77,957.3421230316162,data/sioux/uncongested/sample_0581.pkl
uncongested,0.005,536,222,962.5446557998657,data/sioux/uncongested/sample_0536.pkl
uncongested,0.005,21,190,966.9900043010712,data/sioux/uncongested/sample_0021.pkl
uncongested,0.005,78,212,972.0278761386871,data/sioux/uncongested/sample_0078.pkl
uncongested,0.005,795,96,974.3506083488464,data/sioux/uncongested/sample_0795.pkl
uncongested,0.005,953,96,976.6597533226013,data/sioux/uncongested/sample_0953.pkl
uncongested,0.005,665,225,981.9581909179688,data/sioux/uncongested/sample_0665.pkl
uncongested,0.005,293,35,982.9397232532501,data/sioux/uncongested/sample_0293.pkl
uncongested,0.005,890,180,987.2129259109497,data/sioux/uncongested/sample_0890.pkl
uncongested,0.005,161,120,990.1224563121796,data/sioux/uncongested/sample_0161.pkl
uncongested,0.005,653,111,992.796094417572,data/sioux/uncongested/sample_0653.pkl
uncongested,0.005,486,59,994.2976191043854,data/sioux/uncongested/sample_0486.pkl
uncongested,0.005,197,119,997.2221856117249,data/sioux/uncongested/sample_0197.pkl
uncongested,0.005,615,96,999.5885496139526,data/sioux/uncongested/sample_0615.pkl
uncongested,0.005,61,46,1000.8089711666107,data/sioux/uncongested/sample_0061.pkl
uncongested,0.005,544,74,1002.6344449520111,data/sioux/uncongested/sample_0544.pkl
uncongested,0.005,658,224,1007.8942604064941,data/sioux/uncongested/sample_0658.pkl
uncongested,0.005,306,75,1009.7727384567261,data/sioux/uncongested/sample_0306.pkl
uncongested,0.005,662,145,1013.239946603775,data/sioux/uncongested/sample_0662.pkl
uncongested,0.005,438,130,1016.3682136535645,data/sioux/uncongested/sample_0438.pkl
uncongested,0.005,113,180,1020.656476020813,data/sioux/uncongested/sample_0113.pkl
uncongested,0.005,147,181,1024.945771932602,data/sioux/uncongested/sample_0147.pkl
uncongested,0.005,391,90,1027.2120583057404,data/sioux/uncongested/sample_0391.pkl
uncongested,0.005,670,185,1031.5945780277252,data/sioux/uncongested/sample_0670.pkl
uncongested,0.005,77,262,1037.773847579956,data/sioux/uncongested/sample_0077.pkl
uncongested,0.005,477,82,1039.814341545105,data/sioux/uncongested/sample_0477.pkl
uncongested,0.005,98,95,1042.25830078125,data/sioux/uncongested/sample_0098.pkl
uncongested,0.005,482,137,1045.623211145401,data/sioux/uncongested/sample_0482.pkl
uncongested,0.005,493,116,1048.4609904289246,data/sioux/uncongested/sample_0493.pkl
uncongested,0.005,330,180,1052.8770892620087,data/sioux/uncongested/sample_0330.pkl
uncongested,0.005,550,175,1057.172194480896,data/sioux/uncongested/sample_0550.pkl
uncongested,0.005,129,110,1059.8468837738037,data/sioux/uncongested/sample_0129.pkl
uncongested,0.005,900,235,1065.458327293396,data/sioux/uncongested/sample_0900.pkl
uncongested,0.005,107,117,1068.4479851722717,data/sioux/uncongested/sample_0107.pkl
uncongested,0.005,164,121,1071.3890345096588,data/sioux/uncongested/sample_0164.pkl
uncongested,0.005,693,191,1075.8746221065521,data/sioux/uncongested/sample_0693.pkl
uncongested,0.005,702,146,1079.3625676631927,data/sioux/uncongested/sample_0702.pkl
uncongested,0.005,278,162,1083.2247936725616,data/sioux/uncongested/sample_0278.pkl
uncongested,0.005,196,196,1087.8217697143555,data/sioux/uncongested/sample_0196.pkl
uncongested,0.005,502,190,1092.2544779777527,data/sioux/uncongested/sample_0502.pkl
uncongested,0.005,453,164,1096.0782046318054,data/sioux/uncongested/sample_0453.pkl
uncongested,0.005,956,135,1099.2647078037262,data/sioux/uncongested/sample_0956.pkl
uncongested,0.005,752,120,1102.1087250709534,data/sioux/uncongested/sample_0752.pkl
uncongested,0.005,519,71,1103.8671305179596,data/sioux/uncongested/sample_0519.pkl
uncongested,0.005,84,106,1106.3958492279053,data/sioux/uncongested/sample_0084.pkl
uncongested,0.005,116,165,1110.2213521003723,data/sioux/uncongested/sample_0116.pkl
uncongested,0.005,76,163,1114.001211643219,data/sioux/uncongested/sample_0076.pkl
uncongested,0.005,105,86,1116.1024405956268,data/sioux/uncongested/sample_0105.pkl
uncongested,0.005,102,68,1117.7853212356567,data/sioux/uncongested/sample_0102.pkl
uncongested,0.005,531,190,1122.24063372612,data/sioux/uncongested/sample_0531.pkl
uncongested,0.005,679,160,1126.0260939598083,data/sioux/uncongested/sample_0679.pkl
uncongested,0.005,898,152,1129.6679182052612,data/sioux/uncongested/sample_0898.pkl
uncongested,0.005,86,136,1132.8869376182556,data/sioux/uncongested/sample_0086.pkl
uncongested,0.005,48,41,1133.9972233772278,data/sioux/uncongested/sample_0048.pkl
uncongested,0.005,121,166,1137.9071366786957,data/sioux/uncongested/sample_0121.pkl
uncongested,0.005,649,137,1141.1487047672272,data/sioux/uncongested/sample_0649.pkl
uncongested,0.005,59,79,1143.0546123981476,data/sioux/uncongested/sample_0059.pkl
uncongested,0.005,67,120,1145.9191870689392,data/sioux/uncongested/sample_0067.pkl
uncongested,0.005,68,108,1148.5140523910522,data/sioux/uncongested/sample_0068.pkl
uncongested,0.005,289,113,1151.2150676250458,data/sioux/uncongested/sample_0289.pkl
uncongested,0.005,813,116,1154.0929443836212,data/sioux/uncongested/sample_0813.pkl
uncongested,0.005,695,229,1159.5014111995697,data/sioux/uncongested/sample_0695.pkl
uncongested,0.005,771,160,1163.2684676647186,data/sioux/uncongested/sample_0771.pkl
uncongested,0.005,218,247,1169.0237820148468,data/sioux/uncongested/sample_0218.pkl
uncongested,0.005,288,79,1170.9952492713928,data/sioux/uncongested/sample_0288.pkl
uncongested,0.005,172,283,1177.6174228191376,data/sioux/uncongested/sample_0172.pkl
uncongested,0.005,882,101,1180.1263659000397,data/sioux/uncongested/sample_0882.pkl
uncongested,0.005,866,58,1181.614773273468,data/sioux/uncongested/sample_0866.pkl
uncongested,0.005,184,132,1184.760563135147,data/sioux/uncongested/sample_0184.pkl
uncongested,0.005,431,124,1187.7763307094574,data/sioux/uncongested/sample_0431.pkl
uncongested,0.005,370,127,1190.82266664505,data/sioux/uncongested/sample_0370.pkl
uncongested,0.005,784,99,1193.2277178764343,data/sioux/uncongested/sample_0784.pkl
uncongested,0.005,498,124,1196.165030002594,data/sioux/uncongested/sample_0498.pkl
uncongested,0.005,606,63,1197.7697412967682,data/sioux/uncongested/sample_0606.pkl
uncongested,0.005,473,68,1199.512804031372,data/sioux/uncongested/sample_0473.pkl
uncongested,0.005,69,279,1205.9803395271301,data/sioux/uncongested/sample_0069.pkl
uncongested,0.005,773,27,1206.7322177886963,data/sioux/uncongested/sample_0773.pkl
uncongested,0.005,149,80,1208.709698677063,data/sioux/uncongested/sample_0149.pkl
uncongested,0.005,947,140,1212.0492401123047,data/sioux/uncongested/sample_0947.pkl
uncongested,0.005,685,184,1216.3752570152283,data/sioux/uncongested/sample_0685.pkl
uncongested,0.005,818,89,1218.5811285972595,data/sioux/uncongested/sample_0818.pkl
uncongested,0.005,337,64,1220.2122588157654,data/sioux/uncongested/sample_0337.pkl
uncongested,0.005,364,40,1221.3027603626251,data/sioux/uncongested/sample_0364.pkl
uncongested,0.005,580,74,1223.170512676239,data/sioux/uncongested/sample_0580.pkl
uncongested,0.005,242,180,1227.4724979400635,data/sioux/uncongested/sample_0242.pkl
uncongested,0.005,454,51,1228.8284888267517,data/sioux/uncongested/sample_0454.pkl
uncongested,0.005,800,118,1231.6612017154694,data/sioux/uncongested/sample_0800.pkl
uncongested,0.005,160,118,1234.4763505458832,data/sioux/uncongested/sample_0160.pkl
uncongested,0.005,287,176,1238.6366591453552,data/sioux/uncongested/sample_0287.pkl
uncongested,0.005,692,232,1244.1069569587708,data/sioux/uncongested/sample_0692.pkl
uncongested,0.005,768,109,1246.7379949092865,data/sioux/uncongested/sample_0768.pkl
uncongested,0.005,548,137,1250.003336906433,data/sioux/uncongested/sample_0548.pkl
uncongested,0.005,60,172,1254.0506646633148,data/sioux/uncongested/sample_0060.pkl
uncongested,0.005,273,24,1254.7900319099426,data/sioux/uncongested/sample_0273.pkl
uncongested,0.005,793,141,1258.0847160816193,data/sioux/uncongested/sample_0793.pkl
uncongested,0.005,631,212,1263.0573592185974,data/sioux/uncongested/sample_0631.pkl
uncongested,0.005,285,221,1268.2567672729492,data/sioux/uncongested/sample_0285.pkl
uncongested,0.005,825,165,1272.176334619522,data/sioux/uncongested/sample_0825.pkl
uncongested,0.005,232,202,1276.9003896713257,data/sioux/uncongested/sample_0232.pkl
uncongested,0.005,971,61,1278.4738426208496,data/sioux/uncongested/sample_0971.pkl
uncongested,0.005,610,47,1279.6891977787018,data/sioux/uncongested/sample_0610.pkl
uncongested,0.005,553,25,1280.403813123703,data/sioux/uncongested/sample_0553.pkl
uncongested,0.005,541,75,1282.2646288871765,data/sioux/uncongested/sample_0541.pkl
uncongested,0.005,889,83,1284.3289303779602,data/sioux/uncongested/sample_0889.pkl
uncongested,0.005,414,236,1289.9471094608307,data/sioux/uncongested/sample_0414.pkl
uncongested,0.005,697,92,1292.2417304515839,data/sioux/uncongested/sample_0697.pkl
uncongested,0.005,917,45,1293.4700467586517,data/sioux/uncongested/sample_0917.pkl
uncongested,0.005,368,162,1297.2563478946686,data/sioux/uncongested/sample_0368.pkl
uncongested,0.005,819,91,1299.4709360599518,data/sioux/uncongested/sample_0819.pkl
uncongested,0.005,762,122,1302.3335633277893,data/sioux/uncongested/sample_0762.pkl
uncongested,0.005,620,130,1305.4722380638123,data/sioux/uncongested/sample_0620.pkl
uncongested,0.005,551,99,1307.8819267749786,data/sioux/uncongested/sample_0551.pkl
uncongested,0.005,547,195,1312.4897167682648,data/sioux/uncongested/sample_0547.pkl
uncongested,0.005,995,134,1315.6937048435211,data/sioux/uncongested/sample_0995.pkl
uncongested,0.005,134,69,1317.4323904514313,data/sioux/uncongested/sample_0134.pkl
uncongested,0.005,911,217,1322.527602672577,data/sioux/uncongested/sample_0911.pkl
uncongested,0.005,958,185,1326.9107780456543,data/sioux/uncongested/sample_0958.pkl
uncongested,0.005,826,31,1327.7974457740784,data/sioux/uncongested/sample_0826.pkl
uncongested,0.005,276,115,1330.6077382564545,data/sioux/uncongested/sample_0276.pkl
uncongested,0.005,324,235,1336.1342985630035,data/sioux/uncongested/sample_0324.pkl
uncongested,0.005,57,202,1340.7850232124329,data/sioux/uncongested/sample_0057.pkl
uncongested,0.005,4,154,1344.43092918396,data/sioux/uncongested/sample_0004.pkl
uncongested,0.005,361,151,1348.0141665935516,data/sioux/uncongested/sample_0361.pkl
uncongested,0.005,664,118,1350.857831954956,data/sioux/uncongested/sample_0664.pkl
uncongested,0.005,124,203,1355.6352107524872,data/sioux/uncongested/sample_0124.pkl
uncongested,0.005,694,164,1359.515475511551,data/sioux/uncongested/sample_0694.pkl
uncongested,0.005,92,128,1362.5984735488892,data/sioux/uncongested/sample_0092.pkl
uncongested,0.005,39,157,1366.3323440551758,data/sioux/uncongested/sample_0039.pkl
uncongested,0.005,359,200,1371.0447852611542,data/sioux/uncongested/sample_0359.pkl
uncongested,0.005,565,159,1374.8826086521149,data/sioux/uncongested/sample_0565.pkl
uncongested,0.005,435,36,1375.882637500763,data/sioux/uncongested/sample_0435.pkl
uncongested,0.005,348,197,1380.6182570457458,data/sioux/uncongested/sample_0348.pkl
uncongested,0.005,434,137,1383.886976480484,data/sioux/uncongested/sample_0434.pkl
uncongested,0.005,304,173,1387.9599294662476,data/sioux/uncongested/sample_0304.pkl
uncongested,0.005,563,159,1391.7922270298004,data/sioux/uncongested/sample_0563.pkl
uncongested,0.005,488,103,1394.3429520130157,data/sioux/uncongested/sample_0488.pkl
uncongested,0.005,622,159,1398.1585712432861,data/sioux/uncongested/sample_0622.pkl
uncongested,0.005,808,209,1403.0498538017273,data/sioux/uncongested/sample_0808.pkl
uncongested,0.005,225,192,1407.5603003501892,data/sioux/uncongested/sample_0225.pkl
uncongested,0.005,645,51,1408.8811781406403,data/sioux/uncongested/sample_0645.pkl
uncongested,0.005,978,159,1412.6580648422241,data/sioux/uncongested/sample_0978.pkl
uncongested,0.005,759,70,1414.4184200763702,data/sioux/uncongested/sample_0759.pkl
uncongested,0.005,269,36,1415.4047672748566,data/sioux/uncongested/sample_0269.pkl
uncongested,0.005,19,170,1419.5063688755035,data/sioux/uncongested/sample_0019.pkl
uncongested,0.005,856,100,1421.9293041229248,data/sioux/uncongested/sample_0856.pkl
uncongested,0.005,302,208,1426.836287021637,data/sioux/uncongested/sample_0302.pkl
uncongested,0.005,746,33,1427.779369354248,data/sioux/uncongested/sample_0746.pkl
uncongested,0.005,654,128,1430.8511271476746,data/sioux/uncongested/sample_0654.pkl
uncongested,0.005,922,228,1436.1155714988708,data/sioux/uncongested/sample_0922.pkl
uncongested,0.005,608,75,1437.9438898563385,data/sioux/uncongested/sample_0608.pkl
uncongested,0.005,539,84,1440.091866493225,data/sioux/uncongested/sample_0539.pkl
uncongested,0.005,915,42,1441.2240178585052,data/sioux/uncongested/sample_0915.pkl
uncongested,0.005,212,149,1444.7932946681976,data/sioux/uncongested/sample_0212.pkl
uncongested,0.005,408,77,1446.8282017707825,data/sioux/uncongested/sample_0408.pkl
uncongested,0.005,705,196,1451.6174290180206,data/sioux/uncongested/sample_0705.pkl
uncongested,0.005,758,224,1456.9503421783447,data/sioux/uncongested/sample_0758.pkl
uncongested,0.005,128,144,1460.338182926178,data/sioux/uncongested/sample_0128.pkl
uncongested,0.005,774,195,1464.8655042648315,data/sioux/uncongested/sample_0774.pkl
uncongested,0.005,226,226,1470.1279513835907,data/sioux/uncongested/sample_0226.pkl
uncongested,0.005,307,134,1473.4056179523468,data/sioux/uncongested/sample_0307.pkl
uncongested,0.005,123,150,1477.0070164203644,data/sioux/uncongested/sample_0123.pkl
uncongested,0.005,733,154,1480.6466999053955,data/sioux/uncongested/sample_0733.pkl
uncongested,0.005,515,196,1485.2569551467896,data/sioux/uncongested/sample_0515.pkl
uncongested,0.005,835,31,1486.1796865463257,data/sioux/uncongested/sample_0835.pkl
uncongested,0.005,727,131,1489.311529159546,data/sioux/uncongested/sample_0727.pkl
uncongested,0.005,432,156,1492.9892411231995,data/sioux/uncongested/sample_0432.pkl
uncongested,0.005,528,127,1496.001053094864,data/sioux/uncongested/sample_0528.pkl
uncongested,0.005,904,234,1501.477165222168,data/sioux/uncongested/sample_0904.pkl
uncongested,0.005,781,72,1503.2548153400421,data/sioux/uncongested/sample_0781.pkl
uncongested,0.005,624,225,1508.4538669586182,data/sioux/uncongested/sample_0624.pkl
uncongested,0.005,192,126,1511.4281759262085,data/sioux/uncongested/sample_0192.pkl
uncongested,0.005,272,156,1515.198818206787,data/sioux/uncongested/sample_0272.pkl
uncongested,0.005,699,161,1519.071729183197,data/sioux/uncongested/sample_0699.pkl
uncongested,0.005,506,37,1520.070422410965,data/sioux/uncongested/sample_0506.pkl
uncongested,0.005,587,244,1525.8112037181854,data/sioux/uncongested/sample_0587.pkl
uncongested,0.005,455,74,1527.6767518520355,data/sioux/uncongested/sample_0455.pkl
uncongested,0.005,573,119,1530.543209552765,data/sioux/uncongested/sample_0573.pkl
uncongested,0.005,311,164,1534.3963720798492,data/sioux/uncongested/sample_0311.pkl
uncongested,0.005,928,183,1538.6633801460266,data/sioux/uncongested/sample_0928.pkl
uncongested,0.005,472,191,1543.153934955597,data/sioux/uncongested/sample_0472.pkl
uncongested,0.005,728,174,1547.227679491043,data/sioux/uncongested/sample_0728.pkl
uncongested,0.005,975,138,1550.491720199585,data/sioux/uncongested/sample_0975.pkl
uncongested,0.005,422,33,1551.4401361942291,data/sioux/uncongested/sample_0422.pkl
uncongested,0.005,323,84,1553.485383272171,data/sioux/uncongested/sample_0323.pkl
uncongested,0.005,682,197,1558.0787029266357,data/sioux/uncongested/sample_0682.pkl
uncongested,0.005,848,24,1558.8267805576324,data/sioux/uncongested/sample_0848.pkl
uncongested,0.005,983,103,1561.297550201416,data/sioux/uncongested/sample_0983.pkl
uncongested,0.005,450,196,1565.9693303108215,data/sioux/uncongested/sample_0450.pkl
uncongested,0.005,217,158,1569.6705355644226,data/sioux/uncongested/sample_0217.pkl
uncongested,0.005,257,193,1574.2068979740143,data/sioux/uncongested/sample_0257.pkl
uncongested,0.005,190,58,1575.6737916469574,data/sioux/uncongested/sample_0190.pkl
uncongested,0.005,839,159,1579.442109823227,data/sioux/uncongested/sample_0839.pkl
uncongested,0.005,439,202,1584.2591915130615,data/sioux/uncongested/sample_0439.pkl
uncongested,0.005,939,262,1590.6355772018433,data/sioux/uncongested/sample_0939.pkl
uncongested,0.005,0,220,1595.8919231891632,data/sioux/uncongested/sample_0000.pkl
uncongested,0.005,698,50,1597.1964921951294,data/sioux/uncongested/sample_0698.pkl
uncongested,0.005,907,210,1602.1897926330566,data/sioux/uncongested/sample_0907.pkl
uncongested,0.005,677,99,1604.6649618148804,data/sioux/uncongested/sample_0677.pkl
uncongested,0.005,401,190,1609.241491317749,data/sioux/uncongested/sample_0401.pkl
uncongested,0.005,717,29,1610.1487185955048,data/sioux/uncongested/sample_0717.pkl
uncongested,0.005,451,119,1613.1102945804596,data/sioux/uncongested/sample_0451.pkl
uncongested,0.005,433,111,1615.808046579361,data/sioux/uncongested/sample_0433.pkl
uncongested,0.005,724,61,1617.3564615249634,data/sioux/uncongested/sample_0724.pkl
uncongested,0.005,29,127,1620.499095916748,data/sioux/uncongested/sample_0029.pkl
uncongested,0.005,231,122,1623.4229352474213,data/sioux/uncongested/sample_0231.pkl
uncongested,0.005,109,219,1628.5570769309998,data/sioux/uncongested/sample_0109.pkl
uncongested,0.005,416,158,1632.3394198417664,data/sioux/uncongested/sample_0416.pkl
uncongested,0.005,317,197,1637.022690296173,data/sioux/uncongested/sample_0317.pkl
uncongested,0.005,892,98,1639.4226377010345,data/sioux/uncongested/sample_0892.pkl
uncongested,0.005,732,48,1640.6671631336212,data/sioux/uncongested/sample_0732.pkl
uncongested,0.005,200,111,1643.283371925354,data/sioux/uncongested/sample_0200.pkl
uncongested,0.005,174,189,1647.6632885932922,data/sioux/uncongested/sample_0174.pkl
uncongested,0.005,484,81,1649.6301658153534,data/sioux/uncongested/sample_0484.pkl
uncongested,0.005,390,177,1653.9772086143494,data/sioux/uncongested/sample_0390.pkl
uncongested,0.005,666,177,1658.1988694667816,data/sioux/uncongested/sample_0666.pkl
uncongested,0.005,191,220,1663.4042496681213,data/sioux/uncongested/sample_0191.pkl
uncongested,0.005,823,155,1667.120022058487,data/sioux/uncongested/sample_0823.pkl
uncongested,0.005,299,125,1670.1837320327759,data/sioux/uncongested/sample_0299.pkl
uncongested,0.005,906,107,1672.7856907844543,data/sioux/uncongested/sample_0906.pkl
uncongested,0.005,55,135,1676.0680513381958,data/sioux/uncongested/sample_0055.pkl
uncongested,0.005,909,137,1679.376455783844,data/sioux/uncongested/sample_0909.pkl
uncongested,0.005,597,185,1683.7496643066406,data/sioux/uncongested/sample_0597.pkl
uncongested,0.005,265,146,1687.1957504749298,data/sioux/uncongested/sample_0265.pkl
uncongested,0.005,441,125,1690.1996467113495,data/sioux/uncongested/sample_0441.pkl
uncongested,0.005,517,95,1692.5308666229248,data/sioux/uncongested/sample_0517.pkl
uncongested,0.005,5,89,1694.6937460899353,data/sioux/uncongested/sample_0005.pkl
uncongested,0.005,832,110,1697.3814895153046,data/sioux/uncongested/sample_0832.pkl
uncongested,0.005,511,74,1699.23907995224,data/sioux/uncongested/sample_0511.pkl
uncongested,0.005,136,84,1701.3256866931915,data/sioux/uncongested/sample_0136.pkl
uncongested,0.005,146,188,1705.7442905902863,data/sioux/uncongested/sample_0146.pkl
uncongested,0.005,673,44,1706.932864189148,data/sioux/uncongested/sample_0673.pkl
uncongested,0.005,816,183,1711.2432510852814,data/sioux/uncongested/sample_0816.pkl
uncongested,0.005,609,99,1713.7027959823608,data/sioux/uncongested/sample_0609.pkl
uncongested,0.005,365,169,1717.749771118164,data/sioux/uncongested/sample_0365.pkl
uncongested,0.005,297,285,1724.4080317020416,data/sioux/uncongested/sample_0297.pkl
uncongested,0.005,336,162,1728.2469913959503,data/sioux/uncongested/sample_0336.pkl
uncongested,0.005,259,171,1732.301144361496,data/sioux/uncongested/sample_0259.pkl
uncongested,0.005,931,160,1736.0528678894043,data/sioux/uncongested/sample_0931.pkl
uncongested,0.005,445,108,1738.672955751419,data/sioux/uncongested/sample_0445.pkl
uncongested,0.005,248,226,1743.9517731666565,data/sioux/uncongested/sample_0248.pkl
uncongested,0.005,976,26,1744.7301297187805,data/sioux/uncongested/sample_0976.pkl
uncongested,0.005,881,215,1749.7006363868713,data/sioux/uncongested/sample_0881.pkl
uncongested,0.005,875,117,1752.5154950618744,data/sioux/uncongested/sample_0875.pkl
uncongested,0.005,602,128,1755.5794484615326,data/sioux/uncongested/sample_0602.pkl
uncongested,0.005,23,226,1760.8168694972992,data/sioux/uncongested/sample_0023.pkl
uncongested,0.005,872,164,1764.6624155044556,data/sioux/uncongested/sample_0872.pkl
uncongested,0.005,753,105,1767.2347095012665,data/sioux/uncongested/sample_0753.pkl
uncongested,0.005,219,63,1768.826630115509,data/sioux/uncongested/sample_0219.pkl
uncongested,0.005,423,30,1769.797967672348,data/sioux/uncongested/sample_0423.pkl
uncongested,0.005,756,187,1774.2231175899506,data/sioux/uncongested/sample_0756.pkl
uncongested,0.005,442,32,1775.0961923599243,data/sioux/uncongested/sample_0442.pkl
uncongested,0.005,750,149,1778.7517006397247,data/sioux/uncongested/sample_0750.pkl
uncongested,0.005,814,97,1781.1428985595703,data/sioux/uncongested/sample_0814.pkl
uncongested,0.005,428,212,1786.2032723426819,data/sioux/uncongested/sample_0428.pkl
uncongested,0.005,557,87,1788.3366270065308,data/sioux/uncongested/sample_0557.pkl
uncongested,0.005,501,170,1792.3792521953583,data/sioux/uncongested/sample_0501.pkl
uncongested,0.005,154,32,1793.2877326011658,data/sioux/uncongested/sample_0154.pkl
uncongested,0.005,425,49,1794.5821795463562,data/sioux/uncongested/sample_0425.pkl
uncongested,0.005,672,133,1797.7621207237244,data/sioux/uncongested/sample_0672.pkl
uncongested,0.005,426,112,1800.471022605896,data/sioux/uncongested/sample_0426.pkl
uncongested,0.005,757,168,1804.4418199062347,data/sioux/uncongested/sample_0757.pkl
uncongested,0.005,584,163,1808.3092761039734,data/sioux/uncongested/sample_0584.pkl
uncongested,0.005,896,185,1812.6849088668823,data/sioux/uncongested/sample_0896.pkl
uncongested,0.005,328,113,1815.3850283622742,data/sioux/uncongested/sample_0328.pkl
uncongested,0.005,104,124,1818.3317625522614,data/sioux/uncongested/sample_0104.pkl
uncongested,0.005,883,28,1819.1148879528046,data/sioux/uncongested/sample_0883.pkl
uncongested,0.005,72,118,1821.9569487571716,data/sioux/uncongested/sample_0072.pkl
uncongested,0.005,696,94,1824.2265105247498,data/sioux/uncongested/sample_0696.pkl
uncongested,0.005,380,47,1825.4651370048523,data/sioux/uncongested/sample_0380.pkl
uncongested,0.005,660,209,1830.3384342193604,data/sioux/uncongested/sample_0660.pkl
uncongested,0.005,598,120,1833.2531733512878,data/sioux/uncongested/sample_0598.pkl
uncongested,0.005,974,233,1838.6930997371674,data/sioux/uncongested/sample_0974.pkl
uncongested,0.005,988,165,1842.6152873039246,data/sioux/uncongested/sample_0988.pkl
uncongested,0.005,970,54,1843.9933223724365,data/sioux/uncongested/sample_0970.pkl
uncongested,0.005,852,155,1847.631055355072,data/sioux/uncongested/sample_0852.pkl
uncongested,0.005,332,185,1851.9776043891907,data/sioux/uncongested/sample_0332.pkl
uncongested,0.005,632,24,1852.7509405612946,data/sioux/uncongested/sample_0632.pkl
uncongested,0.005,877,206,1857.5616705417633,data/sioux/uncongested/sample_0877.pkl
uncongested,0.005,176,66,1859.2590548992157,data/sioux/uncongested/sample_0176.pkl
uncongested,0.005,66,52,1860.6000854969025,data/sioux/uncongested/sample_0066.pkl
uncongested,0.005,836,172,1864.6584248542786,data/sioux/uncongested/sample_0836.pkl
uncongested,0.005,54,147,1868.1377432346344,data/sioux/uncongested/sample_0054.pkl
uncongested,0.005,456,209,1872.9991874694824,data/sioux/uncongested/sample_0456.pkl
uncongested,0.005,346,207,1877.827422618866,data/sioux/uncongested/sample_0346.pkl
uncongested,0.005,969,169,1881.73708319664,data/sioux/uncongested/sample_0969.pkl
uncongested,0.005,712,153,1885.3050751686096,data/sioux/uncongested/sample_0712.pkl
uncongested,0.005,319,80,1887.2563517093658,data/sioux/uncongested/sample_0319.pkl
uncongested,0.005,912,58,1888.706342458725,data/sioux/uncongested/sample_0912.pkl
uncongested,0.005,841,55,1890.090479850769,data/sioux/uncongested/sample_0841.pkl
uncongested,0.005,239,175,1894.176281452179,data/sioux/uncongested/sample_0239.pkl
uncongested,0.005,731,103,1896.694801568985,data/sioux/uncongested/sample_0731.pkl
uncongested,0.005,676,198,1901.3146286010742,data/sioux/uncongested/sample_0676.pkl
uncongested,0.005,58,91,1903.507113456726,data/sioux/uncongested/sample_0058.pkl
uncongested,0.005,241,213,1908.4304461479187,data/sioux/uncongested/sample_0241.pkl
uncongested,0.005,188,178,1912.7744686603546,data/sioux/uncongested/sample_0188.pkl
uncongested,0.005,583,113,1915.6316678524017,data/sioux/uncongested/sample_0583.pkl
uncongested,0.005,887,48,1916.949013710022,data/sioux/uncongested/sample_0887.pkl
uncongested,0.005,842,107,1919.6210997104645,data/sioux/uncongested/sample_0842.pkl
uncongested,0.005,93,166,1923.669837474823,data/sioux/uncongested/sample_0093.pkl
uncongested,0.005,375,181,1928.0563418865204,data/sioux/uncongested/sample_0375.pkl
uncongested,0.005,275,143,1931.555431842804,data/sioux/uncongested/sample_0275.pkl
uncongested,0.005,709,194,1936.3335132598877,data/sioux/uncongested/sample_0709.pkl
uncongested,0.005,636,213,1941.4676053524017,data/sioux/uncongested/sample_0636.pkl
uncongested,0.005,618,116,1944.360582113266,data/sioux/uncongested/sample_0618.pkl
uncongested,0.005,430,159,1948.1512014865875,data/sioux/uncongested/sample_0430.pkl
uncongested,0.005,794,57,1949.7188730239868,data/sioux/uncongested/sample_0794.pkl
uncongested,0.005,254,22,1950.41503739357,data/sioux/uncongested/sample_0254.pkl
uncongested,0.005,572,197,1955.0045065879822,data/sioux/uncongested/sample_0572.pkl
uncongested,0.005,920,156,1958.6919813156128,data/sioux/uncongested/sample_0920.pkl
uncongested,0.005,143,56,1960.1638276576996,data/sioux/uncongested/sample_0143.pkl
uncongested,0.005,827,91,1962.4472081661224,data/sioux/uncongested/sample_0827.pkl
uncongested,0.005,921,186,1966.874874830246,data/sioux/uncongested/sample_0921.pkl
uncongested,0.005,303,131,1970.014327764511,data/sioux/uncongested/sample_0303.pkl
uncongested,0.005,235,187,1974.3694431781769,data/sioux/uncongested/sample_0235.pkl
uncongested,0.005,950,153,1977.9753267765045,data/sioux/uncongested/sample_0950.pkl
uncongested,0.005,763,220,1983.1729850769043,data/sioux/uncongested/sample_0763.pkl
uncongested,0.005,797,64,1984.7661941051483,data/sioux/uncongested/sample_0797.pkl
uncongested,0.005,612,179,1988.9426963329315,data/sioux/uncongested/sample_0612.pkl
uncongested,0.005,704,198,1993.6942315101624,data/sioux/uncongested/sample_0704.pkl
uncongested,0.005,656,47,1994.9123873710632,data/sioux/uncongested/sample_0656.pkl
uncongested,0.005,418,209,1999.8167488574982,data/sioux/uncongested/sample_0418.pkl
uncongested,0.005,220,201,2004.552397966385,data/sioux/uncongested/sample_0220.pkl
uncongested,0.005,556,126,2007.5612819194794,data/sioux/uncongested/sample_0556.pkl
uncongested,0.005,378,170,2011.5681631565094,data/sioux/uncongested/sample_0378.pkl
uncongested,0.005,162,111,2014.254765033722,data/sioux/uncongested/sample_0162.pkl
uncongested,0.005,726,142,2017.6755516529083,data/sioux/uncongested/sample_0726.pkl
uncongested,0.005,234,29,2018.5531952381134,data/sioux/uncongested/sample_0234.pkl
uncongested,0.005,30,134,2021.7902102470398,data/sioux/uncongested/sample_0030.pkl
uncongested,0.005,945,151,2025.4449265003204,data/sioux/uncongested/sample_0945.pkl
uncongested,0.005,593,190,2029.9361233711243,data/sioux/uncongested/sample_0593.pkl
uncongested,0.005,754,152,2033.6799449920654,data/sioux/uncongested/sample_0754.pkl
uncongested,0.005,415,186,2038.0836873054504,data/sioux/uncongested/sample_0415.pkl
uncongested,0.005,495,26,2039.0645415782928,data/sioux/uncongested/sample_0495.pkl
uncongested,0.005,244,218,2044.185162782669,data/sioux/uncongested/sample_0244.pkl
uncongested,0.005,487,167,2048.113022327423,data/sioux/uncongested/sample_0487.pkl
uncongested,0.005,227,130,2051.2603702545166,data/sioux/uncongested/sample_0227.pkl
uncongested,0.005,381,120,2054.1960015296936,data/sioux/uncongested/sample_0381.pkl
uncongested,0.005,263,228,2059.539115667343,data/sioux/uncongested/sample_0263.pkl
uncongested,0.005,596,203,2064.3913748264313,data/sioux/uncongested/sample_0596.pkl
uncongested,0.005,421,120,2067.338083744049,data/sioux/uncongested/sample_0421.pkl
uncongested,0.005,585,106,2069.918214559555,data/sioux/uncongested/sample_0585.pkl
uncongested,0.005,634,138,2073.250229358673,data/sioux/uncongested/sample_0634.pkl
uncongested,0.005,492,162,2077.1144149303436,data/sioux/uncongested/sample_0492.pkl
uncongested,0.005,379,77,2079.0314178466797,data/sioux/uncongested/sample_0379.pkl
uncongested,0.005,50,72,2080.8209204673767,data/sioux/uncongested/sample_0050.pkl
uncongested,0.005,991,46,2082.0280542373657,data/sioux/uncongested/sample_0991.pkl
uncongested,0.005,589,71,2083.8322966098785,data/sioux/uncongested/sample_0589.pkl
uncongested,0.005,209,193,2088.399817943573,data/sioux/uncongested/sample_0209.pkl
uncongested,0.005,291,152,2092.0546226501465,data/sioux/uncongested/sample_0291.pkl
uncongested,0.005,871,197,2096.807631254196,data/sioux/uncongested/sample_0871.pkl
uncongested,0.005,179,183,2101.2800891399384,data/sioux/uncongested/sample_0179.pkl
uncongested,0.005,305,38,2102.271627187729,data/sioux/uncongested/sample_0305.pkl
uncongested,0.005,463,168,2106.2874495983124,data/sioux/uncongested/sample_0463.pkl
uncongested,0.005,17,124,2109.2632961273193,data/sioux/uncongested/sample_0017.pkl
uncongested,0.005,854,171,2113.3099262714386,data/sioux/uncongested/sample_0854.pkl
uncongested,0.005,567,96,2115.6860070228577,data/sioux/uncongested/sample_0567.pkl
uncongested,0.005,167,147,2119.242426633835,data/sioux/uncongested/sample_0167.pkl
uncongested,0.005,837,27,2119.9971754550934,data/sioux/uncongested/sample_0837.pkl
uncongested,0.005,851,49,2121.3307197093964,data/sioux/uncongested/sample_0851.pkl
uncongested,0.005,942,199,2125.9584357738495,data/sioux/uncongested/sample_0942.pkl
uncongested,0.005,404,197,2130.5840764045715,data/sioux/uncongested/sample_0404.pkl
uncongested,0.005,343,57,2132.032472848892,data/sioux/uncongested/sample_0343.pkl
uncongested,0.005,468,37,2133.049259662628,data/sioux/uncongested/sample_0468.pkl
uncongested,0.005,738,113,2135.804941177368,data/sioux/uncongested/sample_0738.pkl
uncongested,0.005,251,181,2140.1618361473083,data/sioux/uncongested/sample_0251.pkl
uncongested,0.005,741,173,2144.2600231170654,data/sioux/uncongested/sample_0741.pkl
uncongested,0.005,905,119,2147.1420562267303,data/sioux/uncongested/sample_0905.pkl
uncongested,0.005,437,222,2152.3394429683685,data/sioux/uncongested/sample_0437.pkl
uncongested,0.005,994,34,2153.2693099975586,data/sioux/uncongested/sample_0994.pkl
uncongested,0.005,182,131,2156.436511993408,data/sioux/uncongested/sample_0182.pkl
uncongested,0.005,148,213,2161.452489376068,data/sioux/uncongested/sample_0148.pkl
uncongested,0.005,213,200,2166.0691475868225,data/sioux/uncongested/sample_0213.pkl
uncongested,0.005,374,191,2170.5709149837494,data/sioux/uncongested/sample_0374.pkl
uncongested,0.005,398,178,2174.7599070072174,data/sioux/uncongested/sample_0398.pkl
uncongested,0.005,508,88,2176.906406402588,data/sioux/uncongested/sample_0508.pkl
uncongested,0.005,386,203,2181.6242702007294,data/sioux/uncongested/sample_0386.pkl
uncongested,0.005,926,74,2183.5065875053406,data/sioux/uncongested/sample_0926.pkl
uncongested,0.005,867,48,2184.7349922657013,data/sioux/uncongested/sample_0867.pkl
uncongested,0.005,309,80,2186.740193128586,data/sioux/uncongested/sample_0309.pkl
uncongested,0.005,313,148,2190.258387327194,data/sioux/uncongested/sample_0313.pkl
uncongested,0.005,885,72,2192.040219306946,data/sioux/uncongested/sample_0885.pkl
uncongested,0.005,321,208,2196.964959383011,data/sioux/uncongested/sample_0321.pkl
uncongested,0.005,729,150,2200.515335559845,data/sioux/uncongested/sample_0729.pkl
uncongested,0.005,579,155,2204.172042131424,data/sioux/uncongested/sample_0579.pkl
uncongested,0.005,614,104,2206.734174013138,data/sioux/uncongested/sample_0614.pkl
uncongested,0.005,3,108,2209.345142841339,data/sioux/uncongested/sample_0003.pkl
uncongested,0.005,913,159,2213.128008365631,data/sioux/uncongested/sample_0913.pkl
uncongested,0.005,880,22,2213.8233730793,data/sioux/uncongested/sample_0880.pkl
uncongested,0.005,540,51,2215.1218087673187,data/sioux/uncongested/sample_0540.pkl
uncongested,0.005,419,181,2219.364113330841,data/sioux/uncongested/sample_0419.pkl
uncongested,0.005,944,109,2221.9783594608307,data/sioux/uncongested/sample_0944.pkl
uncongested,0.005,929,141,2225.306250810623,data/sioux/uncongested/sample_0929.pkl
uncongested,0.005,283,72,2227.1640815734863,data/sioux/uncongested/sample_0283.pkl
uncongested,0.005,89,71,2228.9551150798798,data/sioux/uncongested/sample_0089.pkl
uncongested,0.005,458,73,2230.928611278534,data/sioux/uncongested/sample_0458.pkl
uncongested,0.005,320,97,2233.394082546234,data/sioux/uncongested/sample_0320.pkl
uncongested,0.005,840,205,2238.254282474518,data/sioux/uncongested/sample_0840.pkl
uncongested,0.005,960,168,2242.3044788837433,data/sioux/uncongested/sample_0960.pkl
uncongested,0.005,987,218,2247.377871990204,data/sioux/uncongested/sample_0987.pkl
uncongested,0.005,240,105,2249.927803039551,data/sioux/uncongested/sample_0240.pkl
uncongested,0.005,457,151,2253.664413690567,data/sioux/uncongested/sample_0457.pkl
uncongested,0.005,930,30,2254.5225439071655,data/sioux/uncongested/sample_0930.pkl
uncongested,0.005,635,192,2259.1022942066193,data/sioux/uncongested/sample_0635.pkl
uncongested,0.005,133,193,2263.6998834609985,data/sioux/uncongested/sample_0133.pkl
uncongested,0.005,968,136,2266.9970800876617,data/sioux/uncongested/sample_0968.pkl
uncongested,0.005,410,201,2271.671363592148,data/sioux/uncongested/sample_0410.pkl
uncongested,0.005,961,164,2275.6030039787292,data/sioux/uncongested/sample_0961.pkl
uncongested,0.005,308,220,2280.7346136569977,data/sioux/uncongested/sample_0308.pkl
uncongested,0.005,542,213,2285.7691521644592,data/sioux/uncongested/sample_0542.pkl
uncongested,0.005,730,131,2288.8753945827484,data/sioux/uncongested/sample_0730.pkl
uncongested,0.005,586,146,2292.4122638702393,data/sioux/uncongested/sample_0586.pkl
uncongested,0.005,16,23,2293.135863304138,data/sioux/uncongested/sample_0016.pkl
uncongested,0.005,354,211,2298.1468505859375,data/sioux/uncongested/sample_0354.pkl
uncongested,0.005,440,118,2300.9913947582245,data/sioux/uncongested/sample_0440.pkl
uncongested,0.005,83,47,2302.2556879520416,data/sioux/uncongested/sample_0083.pkl
uncongested,0.005,570,78,2304.2236523628235,data/sioux/uncongested/sample_0570.pkl
uncongested,0.005,266,128,2307.332138299942,data/sioux/uncongested/sample_0266.pkl
uncongested,0.005,480,73,2309.223123073578,data/sioux/uncongested/sample_0480.pkl
uncongested,0.005,178,216,2314.423459291458,data/sioux/uncongested/sample_0178.pkl
uncongested,0.005,156,186,2318.9472970962524,data/sioux/uncongested/sample_0156.pkl
uncongested,0.005,270,172,2323.0456562042236,data/sioux/uncongested/sample_0270.pkl
uncongested,0.005,152,191,2327.5868566036224,data/sioux/uncongested/sample_0152.pkl
uncongested,0.005,766,154,2331.295470714569,data/sioux/uncongested/sample_0766.pkl
uncongested,0.005,783,117,2334.2161514759064,data/sioux/uncongested/sample_0783.pkl
uncongested,0.005,333,186,2338.604231119156,data/sioux/uncongested/sample_0333.pkl
uncongested,0.005,75,237,2344.2235531806946,data/sioux/uncongested/sample_0075.pkl
uncongested,0.005,205,167,2348.1930289268494,data/sioux/uncongested/sample_0205.pkl
uncongested,0.005,707,149,2351.7471203804016,data/sioux/uncongested/sample_0707.pkl
uncongested,0.005,81,144,2355.2353484630585,data/sioux/uncongested/sample_0081.pkl
uncongested,0.005,476,119,2358.1087193489075,data/sioux/uncongested/sample_0476.pkl
uncongested,0.005,444,259,2364.2170145511627,data/sioux/uncongested/sample_0444.pkl
uncongested,0.005,177,119,2367.0972476005554,data/sioux/uncongested/sample_0177.pkl
uncongested,0.005,230,145,2370.5367283821106,data/sioux/uncongested/sample_0230.pkl
uncongested,0.005,530,79,2372.5298421382904,data/sioux/uncongested/sample_0530.pkl
uncongested,0.005,356,193,2377.128014087677,data/sioux/uncongested/sample_0356.pkl
uncongested,0.005,475,140,2380.4604709148407,data/sioux/uncongested/sample_0475.pkl
uncongested,0.005,575,182,2384.732791662216,data/sioux/uncongested/sample_0575.pkl
uncongested,0.005,314,165,2388.645799636841,data/sioux/uncongested/sample_0314.pkl
uncongested,0.005,350,27,2389.4245052337646,data/sioux/uncongested/sample_0350.pkl
uncongested,0.005,26,39,2390.4731492996216,data/sioux/uncongested/sample_0026.pkl
uncongested,0.005,964,186,2394.804378271103,data/sioux/uncongested/sample_0964.pkl
uncongested,0.005,719,135,2398.015878677368,data/sioux/uncongested/sample_0719.pkl
uncongested,0.005,204,129,2401.069910287857,data/sioux/uncongested/sample_0204.pkl
uncongested,0.005,286,166,2405.0029816627502,data/sioux/uncongested/sample_0286.pkl
uncongested,0.005,357,22,2405.6987595558167,data/sioux/uncongested/sample_0357.pkl
uncongested,0.005,382,200,2410.37242603302,data/sioux/uncongested/sample_0382.pkl
uncongested,0.005,22,200,2415.0576677322388,data/sioux/uncongested/sample_0022.pkl
uncongested,0.005,274,176,2419.160368680954,data/sioux/uncongested/sample_0274.pkl
uncongested,0.005,923,64,2420.75954246521,data/sioux/uncongested/sample_0923.pkl
uncongested,0.005,260,179,2424.902275800705,data/sioux/uncongested/sample_0260.pkl
uncongested,0.005,489,128,2427.913629770279,data/sioux/uncongested/sample_0489.pkl
uncongested,0.005,40,104,2430.395208120346,data/sioux/uncongested/sample_0040.pkl
uncongested,0.005,159,36,2431.341595888138,data/sioux/uncongested/sample_0159.pkl
uncongested,0.005,594,129,2434.379460334778,data/sioux/uncongested/sample_0594.pkl
uncongested,0.005,992,151,2437.9513731002808,data/sioux/uncongested/sample_0992.pkl
uncongested,0.005,691,97,2440.272359609604,data/sioux/uncongested/sample_0691.pkl
uncongested,0.005,806,83,2442.2705006599426,data/sioux/uncongested/sample_0806.pkl
uncongested,0.005,471,155,2445.8873817920685,data/sioux/uncongested/sample_0471.pkl
uncongested,0.005,203,172,2449.932186126709,data/sioux/uncongested/sample_0203.pkl
uncongested,0.005,807,167,2453.9477031230927,data/sioux/uncongested/sample_0807.pkl
uncongested,0.005,166,91,2456.1930918693542,data/sioux/uncongested/sample_0166.pkl
uncongested,0.005,56,150,2459.7516763210297,data/sioux/uncongested/sample_0056.pkl
uncongested,0.005,222,170,2463.7900121212006,data/sioux/uncongested/sample_0222.pkl
uncongested,0.005,543,189,2468.183972597122,data/sioux/uncongested/sample_0543.pkl
uncongested,0.005,424,205,2472.996075153351,data/sioux/uncongested/sample_0424.pkl
uncongested,0.005,558,219,2478.0854761600494,data/sioux/uncongested/sample_0558.pkl
uncongested,0.005,760,154,2481.683631181717,data/sioux/uncongested/sample_0760.pkl
uncongested,0.005,246,194,2486.1721131801605,data/sioux/uncongested/sample_0246.pkl
uncongested,0.005,576,124,2489.1198127269745,data/sioux/uncongested/sample_0576.pkl
uncongested,0.005,722,137,2492.4532322883606,data/sioux/uncongested/sample_0722.pkl
uncongested,0.005,443,77,2494.3914709091187,data/sioux/uncongested/sample_0443.pkl
uncongested,0.005,592,38,2495.5046603679657,data/sioux/uncongested/sample_0592.pkl
uncongested,0.005,47,95,2497.7869861125946,data/sioux/uncongested/sample_0047.pkl
uncongested,0.005,965,141,2501.1459968090057,data/sioux/uncongested/sample_0965.pkl
uncongested,0.005,829,72,2502.9538576602936,data/sioux/uncongested/sample_0829.pkl
uncongested,0.005,175,35,2503.9737300872803,data/sioux/uncongested/sample_0175.pkl
uncongested,0.005,878,201,2508.710963010788,data/sioux/uncongested/sample_0878.pkl
uncongested,0.005,345,39,2509.733076810837,data/sioux/uncongested/sample_0345.pkl
uncongested,0.005,822,152,2513.3729107379913,data/sioux/uncongested/sample_0822.pkl
uncongested,0.005,876,102,2515.949823617935,data/sioux/uncongested/sample_0876.pkl
uncongested,0.005,810,128,2518.9940044879913,data/sioux/uncongested/sample_0810.pkl
uncongested,0.005,834,136,2522.2620453834534,data/sioux/uncongested/sample_0834.pkl
uncongested,0.005,744,52,2523.695990562439,data/sioux/uncongested/sample_0744.pkl
uncongested,0.005,908,181,2527.9395887851715,data/sioux/uncongested/sample_0908.pkl
uncongested,0.005,611,204,2532.7409114837646,data/sioux/uncongested/sample_0611.pkl
uncongested,0.005,643,131,2535.832570552826,data/sioux/uncongested/sample_0643.pkl
uncongested,0.005,18,123,2538.792534351349,data/sioux/uncongested/sample_0018.pkl
uncongested,0.005,327,153,2542.4422760009766,data/sioux/uncongested/sample_0327.pkl
uncongested,0.005,520,216,2547.4876992702484,data/sioux/uncongested/sample_0520.pkl
uncongested,0.005,778,178,2551.651686191559,data/sioux/uncongested/sample_0778.pkl
uncongested,0.005,630,151,2555.2209038734436,data/sioux/uncongested/sample_0630.pkl
uncongested,0.005,747,92,2557.5158598423004,data/sioux/uncongested/sample_0747.pkl
uncongested,0.005,329,189,2562.0260965824127,data/sioux/uncongested/sample_0329.pkl
uncongested,0.005,637,55,2563.434324979782,data/sioux/uncongested/sample_0637.pkl
uncongested,0.005,216,144,2567.0172288417816,data/sioux/uncongested/sample_0216.pkl
uncongested,0.005,339,81,2569.0876734256744,data/sioux/uncongested/sample_0339.pkl
uncongested,0.005,751,85,2571.2336304187775,data/sioux/uncongested/sample_0751.pkl
uncongested,0.005,338,126,2574.2993638515472,data/sioux/uncongested/sample_0338.pkl
uncongested,0.005,157,157,2578.1630840301514,data/sioux/uncongested/sample_0157.pkl
uncongested,0.005,671,142,2581.670896053314,data/sioux/uncongested/sample_0671.pkl
uncongested,0.005,153,100,2584.117602109909,data/sioux/uncongested/sample_0153.pkl
uncongested,0.005,94,233,2589.628032684326,data/sioux/uncongested/sample_0094.pkl
uncongested,0.005,447,130,2592.7813267707825,data/sioux/uncongested/sample_0447.pkl
uncongested,0.005,14,148,2596.3300700187683,data/sioux/uncongested/sample_0014.pkl
uncongested,0.005,199,99,2598.7610890865326,data/sioux/uncongested/sample_0199.pkl
uncongested,0.005,261,68,2600.4718978405,data/sioux/uncongested/sample_0261.pkl
uncongested,0.005,383,117,2603.2744364738464,data/sioux/uncongested/sample_0383.pkl
uncongested,0.005,779,182,2607.651648759842,data/sioux/uncongested/sample_0779.pkl
uncongested,0.005,402,191,2612.139820575714,data/sioux/uncongested/sample_0402.pkl
uncongested,0.005,973,80,2614.1044404506683,data/sioux/uncongested/sample_0973.pkl
uncongested,0.005,516,145,2617.5639045238495,data/sioux/uncongested/sample_0516.pkl
uncongested,0.005,916,98,2619.94078373909,data/sioux/uncongested/sample_0916.pkl
uncongested,0.005,202,136,2623.145451784134,data/sioux/uncongested/sample_0202.pkl
uncongested,0.005,564,55,2624.5465891361237,data/sioux/uncongested/sample_0564.pkl
uncongested,0.005,384,28,2625.350482940674,data/sioux/uncongested/sample_0384.pkl
uncongested,0.005,144,231,2630.7561831474304,data/sioux/uncongested/sample_0144.pkl
uncongested,0.005,626,145,2634.2139222621918,data/sioux/uncongested/sample_0626.pkl
uncongested,0.005,366,100,2636.659900903702,data/sioux/uncongested/sample_0366.pkl
uncongested,0.005,993,156,2640.3853895664215,data/sioux/uncongested/sample_0993.pkl
uncongested,0.005,591,150,2644.0412774086,data/sioux/uncongested/sample_0591.pkl
uncongested,0.005,469,97,2646.450126886368,data/sioux/uncongested/sample_0469.pkl
uncongested,0.005,938,186,2650.8213441371918,data/sioux/uncongested/sample_0938.pkl
uncongested,0.005,749,200,2655.577847480774,data/sioux/uncongested/sample_0749.pkl
uncongested,0.005,253,215,2660.600263118744,data/sioux/uncongested/sample_0253.pkl
uncongested,0.005,181,157,2664.3763704299927,data/sioux/uncongested/sample_0181.pkl
uncongested,0.005,742,195,2669.0753679275513,data/sioux/uncongested/sample_0742.pkl
uncongested,0.005,32,55,2670.499181509018,data/sioux/uncongested/sample_0032.pkl
uncongested,0.005,73,198,2675.1920535564423,data/sioux/uncongested/sample_0073.pkl
uncongested,0.005,262,180,2679.5117332935333,data/sioux/uncongested/sample_0262.pkl
uncongested,0.005,582,124,2682.4861736297607,data/sioux/uncongested/sample_0582.pkl
uncongested,0.005,955,119,2685.363053560257,data/sioux/uncongested/sample_0955.pkl
uncongested,0.005,951,124,2688.331200361252,data/sioux/uncongested/sample_0951.pkl
uncongested,0.005,545,25,2689.065089941025,data/sioux/uncongested/sample_0545.pkl
uncongested,0.005,689,209,2693.9469034671783,data/sioux/uncongested/sample_0689.pkl
uncongested,0.005,347,119,2696.775854587555,data/sioux/uncongested/sample_0347.pkl
uncongested,0.005,734,221,2701.9059882164,data/sioux/uncongested/sample_0734.pkl
uncongested,0.005,436,126,2704.904579639435,data/sioux/uncongested/sample_0436.pkl
uncongested,0.005,967,126,2707.9050827026367,data/sioux/uncongested/sample_0967.pkl
uncongested,0.005,12,49,2709.19323015213,data/sioux/uncongested/sample_0012.pkl
uncongested,0.005,785,141,2712.5271379947662,data/sioux/uncongested/sample_0785.pkl
uncongested,0.005,10,44,2713.744089603424,data/sioux/uncongested/sample_0010.pkl
uncongested,0.005,52,182,2718.074875354767,data/sioux/uncongested/sample_0052.pkl
uncongested,0.005,37,157,2721.7935090065002,data/sioux/uncongested/sample_0037.pkl
uncongested,0.005,186,163,2725.650902748108,data/sioux/uncongested/sample_0186.pkl
uncongested,0.005,924,183,2729.9759521484375,data/sioux/uncongested/sample_0924.pkl
uncongested,0.005,809,40,2731.0860698223114,data/sioux/uncongested/sample_0809.pkl
uncongested,0.005,680,46,2732.2814543247223,data/sioux/uncongested/sample_0680.pkl
uncongested,0.005,642,226,2737.5528411865234,data/sioux/uncongested/sample_0642.pkl
uncongested,0.005,868,164,2741.429795742035,data/sioux/uncongested/sample_0868.pkl
uncongested,0.005,735,116,2744.2261991500854,data/sioux/uncongested/sample_0735.pkl
uncongested,0.005,459,58,2745.6974606513977,data/sioux/uncongested/sample_0459.pkl
uncongested,0.005,252,99,2748.1052329540253,data/sioux/uncongested/sample_0252.pkl
uncongested,0.005,243,53,2749.471071243286,data/sioux/uncongested/sample_0243.pkl
uncongested,0.005,578,187,2753.8768253326416,data/sioux/uncongested/sample_0578.pkl
uncongested,0.005,703,82,2755.893067598343,data/sioux/uncongested/sample_0703.pkl
uncongested,0.005,748,121,2758.7749457359314,data/sioux/uncongested/sample_0748.pkl
uncongested,0.005,599,181,2763.0150470733643,data/sioux/uncongested/sample_0599.pkl
uncongested,0.005,91,48,2764.251242160797,data/sioux/uncongested/sample_0091.pkl
uncongested,0.005,322,126,2767.2549188137054,data/sioux/uncongested/sample_0322.pkl
uncongested,0.005,838,189,2771.6647160053253,data/sioux/uncongested/sample_0838.pkl
uncongested,0.005,790,55,2773.0883841514587,data/sioux/uncongested/sample_0790.pkl
uncongested,0.005,237,165,2777.0180344581604,data/sioux/uncongested/sample_0237.pkl
uncongested,0.005,663,153,2780.6507902145386,data/sioux/uncongested/sample_0663.pkl
uncongested,0.005,223,76,2782.649930715561,data/sioux/uncongested/sample_0223.pkl
uncongested,0.005,831,149,2786.252501964569,data/sioux/uncongested/sample_0831.pkl
uncongested,0.005,140,24,2786.972256422043,data/sioux/uncongested/sample_0140.pkl
uncongested,0.005,798,61,2788.5475907325745,data/sioux/uncongested/sample_0798.pkl
uncongested,0.005,1,127,2791.599891424179,data/sioux/uncongested/sample_0001.pkl
uncongested,0.005,494,236,2797.131993532181,data/sioux/uncongested/sample_0494.pkl
uncongested,0.005,208,88,2799.2745003700256,data/sioux/uncongested/sample_0208.pkl
uncongested,0.005,407,152,2802.863583087921,data/sioux/uncongested/sample_0407.pkl
uncongested,0.005,985,73,2804.7080314159393,data/sioux/uncongested/sample_0985.pkl
uncongested,0.005,497,192,2809.2029762268066,data/sioux/uncongested/sample_0497.pkl
uncongested,0.005,479,215,2814.1928703784943,data/sioux/uncongested/sample_0479.pkl
uncongested,0.005,183,190,2818.670265197754,data/sioux/uncongested/sample_0183.pkl
uncongested,0.005,512,103,2821.1396763324738,data/sioux/uncongested/sample_0512.pkl
uncongested,0.005,999,81,2823.152188062668,data/sioux/uncongested/sample_0999.pkl
uncongested,0.005,180,114,2826.0182929039,data/sioux/uncongested/sample_0180.pkl
uncongested,0.005,927,148,2829.602297782898,data/sioux/uncongested/sample_0927.pkl
uncongested,0.005,684,63,2831.1677255630493,data/sioux/uncongested/sample_0684.pkl
uncongested,0.005,478,131,2834.2875339984894,data/sioux/uncongested/sample_0478.pkl
uncongested,0.005,15,119,2837.134885787964,data/sioux/uncongested/sample_0015.pkl
uncongested,0.005,88,115,2839.9029207229614,data/sioux/uncongested/sample_0088.pkl
uncongested,0.005,80,184,2844.243233203888,data/sioux/uncongested/sample_0080.pkl
uncongested,0.005,518,147,2847.7144067287445,data/sioux/uncongested/sample_0518.pkl
uncongested,0.005,62,91,2849.9441423416138,data/sioux/uncongested/sample_0062.pkl
uncongested,0.005,490,86,2852.066400527954,data/sioux/uncongested/sample_0490.pkl
uncongested,0.005,449,79,2854.0231590270996,data/sioux/uncongested/sample_0449.pkl
uncongested,0.005,111,141,2857.417032957077,data/sioux/uncongested/sample_0111.pkl
uncongested,0.005,326,235,2862.976535797119,data/sioux/uncongested/sample_0326.pkl
uncongested,0.005,70,126,2866.07501745224,data/sioux/uncongested/sample_0070.pkl
uncongested,0.005,537,128,2869.1308012008667,data/sioux/uncongested/sample_0537.pkl
uncongested,0.005,11,136,2872.4687988758087,data/sioux/uncongested/sample_0011.pkl
uncongested,0.005,590,113,2875.254988193512,data/sioux/uncongested/sample_0590.pkl
uncongested,0.005,879,177,2879.4949884414673,data/sioux/uncongested/sample_0879.pkl
uncongested,0.005,119,208,2884.3896238803864,data/sioux/uncongested/sample_0119.pkl
uncongested,0.005,467,230,2889.742993116379,data/sioux/uncongested/sample_0467.pkl
uncongested,0.005,986,113,2892.4557371139526,data/sioux/uncongested/sample_0986.pkl
uncongested,0.005,41,105,2895.0001871585846,data/sioux/uncongested/sample_0041.pkl
uncongested,0.005,668,117,2897.878564596176,data/sioux/uncongested/sample_0668.pkl
uncongested,0.005,43,131,2901.0468485355377,data/sioux/uncongested/sample_0043.pkl
uncongested,0.005,173,76,2902.994898080826,data/sioux/uncongested/sample_0173.pkl
uncongested,0.005,201,82,2905.0292620658875,data/sioux/uncongested/sample_0201.pkl
uncongested,0.005,46,58,2906.4775319099426,data/sioux/uncongested/sample_0046.pkl
uncongested,0.005,385,53,2907.862555503845,data/sioux/uncongested/sample_0385.pkl
uncongested,0.005,861,81,2909.8688492774963,data/sioux/uncongested/sample_0861.pkl
uncongested,0.005,850,160,2913.6564271450043,data/sioux/uncongested/sample_0850.pkl
uncongested,0.005,334,166,2917.5882782936096,data/sioux/uncongested/sample_0334.pkl
uncongested,0.005,869,81,2919.5938510894775,data/sioux/uncongested/sample_0869.pkl
uncongested,0.005,369,150,2923.19473528862,data/sioux/uncongested/sample_0369.pkl
uncongested,0.005,847,154,2926.835797548294,data/sioux/uncongested/sample_0847.pkl
uncongested,0.005,948,117,2929.6193232536316,data/sioux/uncongested/sample_0948.pkl
uncongested,0.005,110,42,2930.7473697662354,data/sioux/uncongested/sample_0110.pkl
uncongested,0.005,79,129,2933.8577888011932,data/sioux/uncongested/sample_0079.pkl
uncongested,0.005,708,151,2937.4010076522827,data/sioux/uncongested/sample_0708.pkl
uncongested,0.005,996,159,2941.1622524261475,data/sioux/uncongested/sample_0996.pkl
uncongested,0.005,894,123,2944.134183883667,data/sioux/uncongested/sample_0894.pkl
uncongested,0.005,782,41,2945.2390747070312,data/sioux/uncongested/sample_0782.pkl
uncongested,0.005,721,102,2947.720715045929,data/sioux/uncongested/sample_0721.pkl
uncongested,0.005,165,89,2949.8942341804504,data/sioux/uncongested/sample_0165.pkl
uncongested,0.005,989,182,2954.1486418247223,data/sioux/uncongested/sample_0989.pkl
uncongested,0.005,739,93,2956.3531432151794,data/sioux/uncongested/sample_0739.pkl
uncongested,0.005,710,156,2959.974774837494,data/sioux/uncongested/sample_0710.pkl
uncongested,0.005,448,160,2963.693342447281,data/sioux/uncongested/sample_0448.pkl
uncongested,0.005,87,57,2965.166824579239,data/sioux/uncongested/sample_0087.pkl
uncongested,0.005,247,248,2970.9179804325104,data/sioux/uncongested/sample_0247.pkl
uncongested,0.005,714,160,2974.6964490413666,data/sioux/uncongested/sample_0714.pkl
uncongested,0.005,997,185,2979.114898920059,data/sioux/uncongested/sample_0997.pkl
uncongested,0.005,36,235,2984.6510603427887,data/sioux/uncongested/sample_0036.pkl
uncongested,0.005,935,82,2986.732945919037,data/sioux/uncongested/sample_0935.pkl
uncongested,0.005,377,218,2991.8395431041718,data/sioux/uncongested/sample_0377.pkl
uncongested,0.005,505,184,2996.1221334934235,data/sioux/uncongested/sample_0505.pkl
uncongested,0.005,607,115,2998.9386060237885,data/sioux/uncongested/sample_0607.pkl
uncongested,0.005,367,83,3000.956150531769,data/sioux/uncongested/sample_0367.pkl
uncongested,0.005,6,195,3005.5094799995422,data/sioux/uncongested/sample_0006.pkl
uncongested,0.005,114,147,3008.974086523056,data/sioux/uncongested/sample_0114.pkl
uncongested,0.005,264,214,3014.009654045105,data/sioux/uncongested/sample_0264.pkl
uncongested,0.005,604,124,3016.967591047287,data/sioux/uncongested/sample_0604.pkl
uncongested,0.005,568,174,3021.054506778717,data/sioux/uncongested/sample_0568.pkl
uncongested,0.005,344,160,3024.8520097732544,data/sioux/uncongested/sample_0344.pkl
uncongested,0.005,481,135,3028.083710193634,data/sioux/uncongested/sample_0481.pkl
uncongested,0.005,884,87,3030.1817677021027,data/sioux/uncongested/sample_0884.pkl
uncongested,0.005,725,29,3031.002377986908,data/sioux/uncongested/sample_0725.pkl
uncongested,0.005,427,157,3034.658209323883,data/sioux/uncongested/sample_0427.pkl
uncongested,0.005,474,171,3038.6521990299225,data/sioux/uncongested/sample_0474.pkl
uncongested,0.005,787,259,3044.7198510169983,data/sioux/uncongested/sample_0787.pkl
uncongested,0.005,853,169,3048.7647635936737,data/sioux/uncongested/sample_0853.pkl
uncongested,0.005,772,132,3051.969064950943,data/sioux/uncongested/sample_0772.pkl
uncongested,0.005,613,112,3054.697072505951,data/sioux/uncongested/sample_0613.pkl
uncongested,0.005,395,259,3060.73436999321,data/sioux/uncongested/sample_0395.pkl
uncongested,0.005,711,171,3064.760309934616,data/sioux/uncongested/sample_0711.pkl
uncongested,0.005,393,55,3066.179854631424,data/sioux/uncongested/sample_0393.pkl
uncongested,0.005,282,101,3068.6316249370575,data/sioux/uncongested/sample_0282.pkl
uncongested,0.005,193,185,3073.0405616760254,data/sioux/uncongested/sample_0193.pkl
uncongested,0.005,342,193,3077.5787329673767,data/sioux/uncongested/sample_0342.pkl
uncongested,0.005,362,102,3080.079975128174,data/sioux/uncongested/sample_0362.pkl
uncongested,0.005,796,43,3081.2816886901855,data/sioux/uncongested/sample_0796.pkl
uncongested,0.005,914,108,3083.8475744724274,data/sioux/uncongested/sample_0914.pkl
uncongested,0.005,95,215,3088.843316555023,data/sioux/uncongested/sample_0095.pkl
uncongested,0.005,277,219,3093.931450366974,data/sioux/uncongested/sample_0277.pkl
uncongested,0.005,650,76,3095.7756547927856,data/sioux/uncongested/sample_0650.pkl
uncongested,0.005,351,129,3098.8324506282806,data/sioux/uncongested/sample_0351.pkl
uncongested,0.005,977,123,3101.7800991535187,data/sioux/uncongested/sample_0977.pkl
uncongested,0.005,990,165,3105.635230064392,data/sioux/uncongested/sample_0990.pkl
uncongested,0.005,775,155,3109.311282634735,data/sioux/uncongested/sample_0775.pkl
uncongested,0.005,215,207,3114.1699583530426,data/sioux/uncongested/sample_0215.pkl
uncongested,0.005,187,119,3117.0024933815002,data/sioux/uncongested/sample_0187.pkl
uncongested,0.005,743,147,3120.5080626010895,data/sioux/uncongested/sample_0743.pkl
uncongested,0.005,817,186,3124.8726506233215,data/sioux/uncongested/sample_0817.pkl
uncongested,0.005,864,114,3127.57985496521,data/sioux/uncongested/sample_0864.pkl
uncongested,0.005,686,110,3130.2397372722626,data/sioux/uncongested/sample_0686.pkl
uncongested,0.005,462,48,3131.5294992923737,data/sioux/uncongested/sample_0462.pkl
uncongested,0.005,71,74,3133.35875415802,data/sioux/uncongested/sample_0071.pkl
uncongested,0.005,860,89,3135.545777797699,data/sioux/uncongested/sample_0860.pkl
uncongested,0.005,619,79,3137.530026435852,data/sioux/uncongested/sample_0619.pkl
uncongested,0.005,389,108,3140.197612762451,data/sioux/uncongested/sample_0389.pkl
uncongested,0.005,833,124,3143.110496520996,data/sioux/uncongested/sample_0833.pkl
uncongested,0.005,805,114,3145.809070110321,data/sioux/uncongested/sample_0805.pkl
uncongested,0.005,117,77,3147.7008135318756,data/sioux/uncongested/sample_0117.pkl
uncongested,0.005,552,87,3149.8332810401917,data/sioux/uncongested/sample_0552.pkl
uncongested,0.005,126,180,3154.0444707870483,data/sioux/uncongested/sample_0126.pkl
uncongested,0.005,846,204,3158.8546345233917,data/sioux/uncongested/sample_0846.pkl
uncongested,0.005,858,83,3160.922693490982,data/sioux/uncongested/sample_0858.pkl
uncongested,0.005,316,209,3165.7921221256256,data/sioux/uncongested/sample_0316.pkl
uncongested,0.005,507,140,3169.1822323799133,data/sioux/uncongested/sample_0507.pkl
uncongested,0.005,820,89,3171.3393218517303,data/sioux/uncongested/sample_0820.pkl
uncongested,0.005,394,156,3175.017191171646,data/sioux/uncongested/sample_0394.pkl
uncongested,0.005,940,32,3175.956784248352,data/sioux/uncongested/sample_0940.pkl
uncongested,0.005,936,43,3177.098848581314,data/sioux/uncongested/sample_0936.pkl
uncongested,0.005,171,142,3180.468462228775,data/sioux/uncongested/sample_0171.pkl
uncongested,0.005,803,66,3182.1096255779266,data/sioux/uncongested/sample_0803.pkl
uncongested,0.005,886,103,3184.6077272892,data/sioux/uncongested/sample_0886.pkl
uncongested,0.005,957,78,3186.5467686653137,data/sioux/uncongested/sample_0957.pkl
uncongested,0.005,792,138,3189.868168592453,data/sioux/uncongested/sample_0792.pkl
uncongested,0.005,233,126,3192.9003591537476,data/sioux/uncongested/sample_0233.pkl
uncongested,0.005,623,152,3196.556319952011,data/sioux/uncongested/sample_0623.pkl
uncongested,0.005,224,100,3199.07542014122,data/sioux/uncongested/sample_0224.pkl
uncongested,0.005,250,167,3203.0252907276154,data/sioux/uncongested/sample_0250.pkl
uncongested,0.005,38,171,3207.0446541309357,data/sioux/uncongested/sample_0038.pkl
uncongested,0.005,141,97,3209.472461462021,data/sioux/uncongested/sample_0141.pkl
uncongested,0.005,245,97,3211.897575855255,data/sioux/uncongested/sample_0245.pkl
uncongested,0.005,34,129,3215.127849340439,data/sioux/uncongested/sample_0034.pkl
uncongested,0.005,331,126,3218.1297795772552,data/sioux/uncongested/sample_0331.pkl
uncongested,0.005,406,75,3219.9140858650208,data/sioux/uncongested/sample_0406.pkl
uncongested,0.005,509,222,3225.1486296653748,data/sioux/uncongested/sample_0509.pkl
uncongested,0.005,981,178,3229.3475506305695,data/sioux/uncongested/sample_0981.pkl
uncongested,0.005,769,61,3230.8984570503235,data/sioux/uncongested/sample_0769.pkl
uncongested,0.005,397,57,3232.3213090896606,data/sioux/uncongested/sample_0397.pkl
uncongested,0.005,150,75,3234.161858558655,data/sioux/uncongested/sample_0150.pkl
uncongested,0.005,267,185,3238.4947419166565,data/sioux/uncongested/sample_0267.pkl
uncongested,0.005,538,195,3243.065060853958,data/sioux/uncongested/sample_0538.pkl
uncongested,0.005,470,175,3247.1290657520294,data/sioux/uncongested/sample_0470.pkl
uncongested,0.005,352,104,3249.637314081192,data/sioux/uncongested/sample_0352.pkl
uncongested,0.005,669,178,3253.8847093582153,data/sioux/uncongested/sample_0669.pkl
uncongested,0.005,667,63,3255.4777524471283,data/sioux/uncongested/sample_0667.pkl
uncongested,0.005,521,69,3257.164641857147,data/sioux/uncongested/sample_0521.pkl
uncongested,0.005,789,39,3258.2053439617157,data/sioux/uncongested/sample_0789.pkl
uncongested,0.005,49,128,3261.247792005539,data/sioux/uncongested/sample_0049.pkl
uncongested,0.005,980,172,3265.2575976848602,data/sioux/uncongested/sample_0980.pkl
uncongested,0.005,400,93,3267.5070295333862,data/sioux/uncongested/sample_0400.pkl
